  <page>
    <title>Anarchism</title>
    <id>12</id>
    <revision>
      <id>182320552</id>
      <timestamp>2008-01-05T16:02:19Z</timestamp>
      <contributor>
        <username>Skomorokh</username>
        <id>1749684</id>
      </contributor>
      <minor />
      <comment>/* External links */ balancing</comment>
      <text xml:space="preserve"><template head="Citations missing"><field>article</field><field name="date">January 2008</field></template>
<template head="dablink"><field>&quot;Anarchist&quot; redirects here. For the comic book character, see <link label="Anarchist (comics)">Anarchist (comics)</link>.</field></template>
<template head="Anarchism"></template>
<summary><p><b>Anarchism</b> (from <link label="Greek language">Greek</link> ἀν (without) + ἄρχειν (to rule) + ισμός (from stem -ιζειν), &quot;without <link label="Archon">archon</link>s,&quot; &quot;without rulers&quot;)<ref><external href="http://www.m-w.com/dictionary/anarchy">Anarchy</external> <link label="Merriam-Webster">Merriam-Webster</link>'s Online dictionary</ref> is a <link label="Political philosophy">political philosophy</link> encompassing theories and attitudes which reject compulsory <link label="Government">government</link><ref>Malatesta, Errico, <i>Towards Anarchism</i>.</ref> (the <link label="State">state</link>) and support its elimination,&lt;ref name=definitions&gt;&quot;<external href="http://www.britannica.com/eb/article-9117285">Anarchism</external>&quot;. <i>Encyclopædia Britannica</i>. 2006. Encyclopædia Britannica Premium Service. <link label="29 August">29 August</link> <link label="2006">2006</link> &lt;/ref&gt;&lt;ref name=definitions2&gt;&quot;Anarchism&quot;. <i>The Shorter <link label="Routledge Encyclopedia of Philosophy">Routledge Encyclopedia of Philosophy</link></i>. 2005. P. 14 &quot;Anarchism is the view that a society without the state, or government, is both possible and desirable.&quot;&lt;/ref&gt; often due to a wider rejection of involuntary or permanent <link label="Authority">authority</link>.<ref>Bakunin, Mikhail, <i>God and the State</i>, pt. 2.; Tucker, Benjamin, <i>State Socialism and Anarchism</i>.; Kropotkin, Piotr, <i>Anarchism: its Philosophy and Ideal</i>; Malatesta, Errico, <i>Towards Anarchism</i>; Bookchin, Murray, <i>Anarchism: Past and Present</i>, pt. 4; An <external href="http://www.spunk.org/texts/intro/sp001550.html">Introduction to Anarchism</external> by Liz A. Highleyman</ref> Anarchism is defined by <i>The Concise Oxford Dictionary of Politics</i> as &quot;a cluster of doctrines and attitudes centered on the belief that government is both harmful and unnecessary.&quot;&lt;ref name=slevin&gt;Slevin, Carl. &quot;Anarchism&quot;. <i>The Concise Oxford Dictionary of Politics</i>. Ed. Iain McLean and Alistair McMillan. Oxford University Press, 2003.&lt;/ref&gt; </p>

<p>There are many types and traditions of anarchism,<ref>Kropotkine, Petr Alekseevich. <i>Anarchism: A Collection of Revolutionary Writings</i>, Courier Dover Publications, 2002, p.5</ref><ref><template head="cite journal"><field name="author">R.B. Fowler</field><field name="title">The Anarchist Tradition of Political Thought</field><field name="year">1972</field><field name="journal">Western Political Quarterly</field><field name="volume">25</field><field name="issue">4</field><field name="pages">738-752</field><field name="doi">10.2307/446800</field></template></ref> not all of which are mutually exclusive.<ref>Sylvan, Richard. &quot;Anarchism&quot;. <i>A Companion to Contemporary Political Philosophy</i>, editors Goodwin, Robert E. and Pettit, Philip. Blackwell Publishing, 1995, p.231</ref> Anarchists hold different views as to the <link label="Anarchist economics">economic</link> and <link label="Anarchist law">legal</link> organisation of society; some favor <link label="Libertarian communism">libertarian communism</link>, <link label="Collectivist anarchism">collectivist anarchism</link> or <link label="Participatory economics">participatory economics</link> while others  support <link label="Free market">free market</link> systems like <link label="Mutualism (economic theory)">mutualism</link>, <link label="Agorism">agorism</link>, or <link label="Anarcho-capitalism">anarcho-capitalism</link>.<ref>&quot;Usually considered to be an extreme left-wing ideology, anarchism has always included a significant strain of radical individualism, from the hyperrationalism of Godwin, to the egoism of Stirner, to the libertarians and anarcho-capitalists of today.&quot; Brooks, Frank H. 1994. <i>The Individualist Anarchists: An Anthology of Liberty (1881-1908)</i>. Transaction Publishers. p. xi</ref> According to the <i><link label="Oxford Companion to Philosophy">Oxford Companion to Philosophy</link></i>, &quot;there is no single defining position that all anarchists hold, beyond their rejection of compulsory government, and those considered anarchists at best share a certain <link label="Family resemblance">family resemblance</link>&quot;.&lt;ref name=oxcom&gt;&quot;Anarchism&quot;. <i>The Oxford Companion to Philosophy</i>, <link label="Oxford University Press">Oxford University Press</link>, 2007, p. 31&lt;/ref&gt; <link label="Anarchist schools of thought">Anarchist schools of thought</link> differ fundamentally, supporting anything from extreme <link label="Individualism">individualism</link> to complete <link label="Collectivism">collectivism</link>.&lt;ref name=slevin/&gt;</p></summary><section depth="1"><title>Origins</title>
<template head="main"><link label="History of anarchism">History of anarchism</link></template>
<p><img src="WilliamGodwin.jpg">thumb|left|[[William Godwin</img> is credited as one of the founders of modern anarchism.]]
Opposition to state and hierarchy had a long history prior to the anarchists in nineteenth century Europe. Some claim anarchist themes can be found in the works of <link label="Taoist">Taoist</link> sage <link label="Laozi">Lao Tzu</link>.&lt;ref name=&quot;EB1910&quot;&gt;Peter Kropotkin, <external href="http://dwardmac.pitzer.edu/Anarchist_Archives/kropotkin/britanniaanarchy.html">&quot;Anarchism&quot;</external>, <i><link label="Encyclopaedia Britannica">Encyclopaedia Britannica</link>, 1910&lt;/ref&gt; <ref><external href="http://www.religionandnature.com/ern/sample/Clark--Anarchism.pdf">&quot;Anarchism&quot;</external>, <i>The Encyclopedia of Religion and Nature</i></ref> <link label="Diogenes of Sinope">Diogenes of Sinope</link> and the <link label="Cynics">Cynics</link> and their contemporary, <link label="Zeno of Citium">Zeno of Citium</link>, the founder of <link label="Stoicism">Stoicism</link>, also introduced similar topics.&lt;ref name=&quot;EB1910&quot;/&gt;</i></p>

<p>Modern anarchism, however, sprung from the secular thought of the <link label="Age of Enlightenment">Enlightenment</link>, particularly <link label="Rousseau">Rousseau</link>'s arguments for the moral centrality of freedom.&lt;ref name=Encarta&gt;&quot;Anarchism&quot;, <i><link label="Encarta">Encarta</link> Online Encyclopedia</i> 2006 (UK version)&lt;/ref&gt; Although by the turn of the 19th century the term &quot;anarchist&quot; had an entirely positive connotation, it first entered the English language in 1642 during the <link label="English Civil War">English Civil War</link> as a term of <link label="Abuse">abuse</link> used by <link label="Cavalier">Royalists</link> to damn those who were fermenting disorder.&lt;ref name=bbc/&gt; By the time of the <link label="French Revolution">French Revolution</link> some, such as the <i>Enragés,</i><template head="huh"></template> began to use the term positively,<ref>Sheehan, Sean. <i>Anarchism</i>, London: Reaktion Books Ltd., 2004. pg. 85</ref> in opposition to <link label="Jacobin (politics)">Jacobin</link> centralisation of power, seeing &quot;revolutionary government&quot; as <link label="Oxymoron">oxymoron</link>ic.&lt;ref name=bbc/&gt; From this climate <link label="William Godwin">William Godwin</link> developed what many consider the first expression of <link label="Anarchist schools of thought">modern anarchist thought</link>.&lt;ref name=&quot;godwinsep&quot;/&gt; Godwin was, according to <link label="Peter Kropotkin">Peter Kropotkin</link>, &quot;the first to formulate the political and economical conceptions of anarchism, even though he did not give that name to the ideas developed in his work.&quot;&lt;ref name=&quot;EB1910&quot;/&gt;<ref>Godwin himself attributed the first anarchist writing to <link label="Edmund Burke">Edmund Burke</link>'s <i><external href="http://oll.libertyfund.org/Texts/LFBooks/Burke0061/Vindication/0339_Bk.html">Vindication of Natural Society</external></i>. &quot;Most of the above arguments may be found much more at large in Burke's <i>Vindication of Natural Society</i>; a treatise in which the evils of the existing political institutions are displayed with incomparable force of reasoning and lustre of eloquence…&quot; - footnote, Ch. 2 <i>Political Justice</i> by William Godwin.</ref> Godwin, a <link label="Philosophical anarchist">philosophical anarchist</link>, opposed revolutionary action and saw a <link label="Minarchy">minimal state</link> as a present &quot;necessary evil&quot;<ref>Godwin said: &quot;…however we may be obliged to admit it as a necessary evil for the present, it behoves us, as the friends of reason and the human species, to admit as little of it as possible, and carefully to observe whether, in consequence of the gradual illumination of the human mind, that little may not hereafter be diminished.&quot; <external href="http://web.bilkent.edu.tr/Online/www.english.upenn.edu/jlynch/Frank/Godwin/pj51.html">&quot;An Enquiry Concerning Political Justice&quot;</external></ref> that would become increasingly irrelevant and powerless by the gradual spread of knowledge.&lt;ref name=&quot;godwinsep&quot;&gt;<template head="sep entry"><field>godwin</field><field>William Godwin</field></template>&lt;/ref&gt; Godwin advocated extreme <link label="Individualism">individualism</link>, proposing that all cooperation in labor be eliminated.<ref>&quot;everything understood by the term co-operation is in some sense an evil.&quot; – In <i>Britannica Concise Encyclopedia</i>. Retrieved <link label="December 7">December 7</link> <link label="2006">2006</link>, from <external href="http://www.britannica.com/ebc/article-9037183">Encyclopædia Britannica Online</external></ref> Godwin felt discrimination on any grounds besides ability was intolerable.</p>

<p>The first to describe himself as anarchist was <link label="Pierre-Joseph Proudhon">Pierre-Joseph Proudhon</link>,&lt;ref name=bbc&gt;<external href="http://www.bbc.co.uk/radio4/history/inourtime/inourtime_20061207.shtml">&quot;Anarchism&quot;</external>, <link label="BBC Radio 4">BBC Radio 4</link> program, <link label="In Our Time (BBC Radio 4)">In Our Time</link>, Thursday <link label="December 7">December 7</link> <link label="2006">2006</link>. Hosted by <link label="Melvyn Bragg">Melvyn Bragg</link> of the BBC, with John Keane, Professor of Politics at <link label="Westminster University">Westminster University</link>, <link label="Ruth Kinna">Ruth Kinna</link>, Senior Lecturer in Politics at <link label="Loughborough University">Loughborough University</link>, and <link label="Peter Marshall (author)">Peter Marshall</link>, philosopher and historian.&lt;/ref&gt; which led some to call him the founder of modern anarchist theory.<ref>Daniel Guerin, <i>Anarchism: From Theory to Practice</i> (New York: Monthly Review Press, 1970).</ref> Proudhon proposed <link label="Spontaneous order">spontaneous order</link>, whereby organization emerges without central authority, a &quot;positive anarchy&quot; where order arises when everybody does “what he wishes and only what he wishes&quot;<ref> Proudhon, <i>Solution to the Social Problem</i>, ed. H. Cohen (New York: Vanguard Press, 1927), p.45. </ref> and where &quot;business transactions alone produce the social order.&quot;<ref>Proudon, Pierre-Joseph. The Federal Principle. &quot;The notion of <i>anarchy</i> in politics is just as rational and positive as any other. It means that once industrial functions have taken over from political functions, then business transactions alone produce the social order.&quot;</ref> Like Godwin, Proudhon opposed violent revolutionary action. He saw anarchy as &quot;a form of government or constitution in which public and private consciousness, formed through the development of science and law, is alone sufficient to maintain order and guarantee all liberties. In it, as a consequence, the institutions of the police, preventive and repressive methods, officialdom, taxation, etc., are reduced to a minimum. In it, more especially, the forms of monarchy and intensive centralization disappear, to be replaced by federal institutions and a pattern of life based on the commune.&quot;<ref><i>Selected Writings</i>, Pierre-Joseph Proudhon</ref></p></section><section depth="1"><title>Schools of thought</title>
<template head="main"><link label="Anarchist schools of thought">Anarchist schools of thought</link></template><section depth="2"><title>Mutualism</title>
<p><img src="Proudhon.jpg">thumb|right|[[Mutualism (economic theory)|Mutualist</img> <link label="Pierre-Joseph Proudhon">Pierre-Joseph Proudhon</link> was the first self-described anarchist.]]
<template head="main"><link label="Mutualism (economic theory)">Mutualism (economic theory)</link></template>
Mutualism began in 19th century English and French labor movements, then took an anarchist form associated with <link label="Pierre-Joseph Proudhon">Pierre-Joseph Proudhon</link> in France and others in the US.<ref>&quot;A member of a community,&quot; <i>The Mutualist</i>; this 1826 series criticized <link label="Robert Owen">Robert Owen</link>'s proposals, and has been attributed to Josiah Warren or another dissident Owenite in the same circles; Wilbur, Shawn, 2006, &quot;More from the 1826 &quot;Mutualist&quot;?&quot;</ref> This influenced individualist anarchists in the United States such as <link label="Benjamin Tucker">Benjamin Tucker</link> and <link label="William B. Greene">William B. Greene</link>; In the 1840s and 1850s, <link label="Charles A. Dana">Charles A. Dana</link>,<ref>Dana, Charles A. <i><external href="http://dwardmac.pitzer.edu/anarchist_archives/proudhon/dana.html">Proudhon and his &quot;Bank of the People&quot;</external></i> (1848).</ref> and Greene introduced Proudhon's works to the US. Greene adapted Proudhon's mutualism to American conditions and introduced it to Tucker.<ref>Tucker, Benjamin R., &quot;On Picket Duty&quot;, <i>Liberty (Not the Daughter but the Mother of Order) (1881-1908)</i>; <link label="5 January">5 January</link> <link label="1889">1889</link>; 6, 10; APS Online pg. 1</ref></p>

<p>Mutualist anarchism is concerned with reciprocity, free association, voluntary contract, federation, and credit and currency reform. Many mutualists<template head="who?"></template> believe a market without government intervention drives prices to labor-costs, eliminating profit, rent, and interest according to the <link label="Labor theory of value">labor theory of value</link>. Firms would be forced to compete over workers just as workers compete over firms, raising wages.<ref>&quot;Communism versus Mutualism&quot;, <i>Socialistic, Communistic, Mutualistic and Financial Fragments</i>. (Boston: Lee &amp; Shepard, 1875)|<link label="William Batchelder Greene">William Batchelder Greene</link>: &quot;Under the mutual system, each individual will receive the just and exact pay for his work; services equivalent in cost being exchangeable for services equivalent in cost, without profit or discount; and so much as the individual laborer will then get over and above what he has earned will come to him as his share in the general prosperity of the community of which he is an individual member.&quot;</ref></p>

<p>Some see mutualism as an ideology falling between individualist and collectivist anarchism.<ref>Avrich, Paul. <i>Anarchist Voices: An Oral History of Anarchism in America</i>, Princeton University Press 1996 ISBN 0-691-04494-5, p.6&lt;br/&gt;Blackwell Encyclopaedia of Political Thought, Blackwell Publishing 1991 ISBN 0-631-17944-5, p.11</ref> In <i>What Is Property?</i>, Proudhon develops a concept of &quot;liberty&quot;, equivalent to &quot;anarchy&quot;, which is the dialectical &quot;synthesis of communism and property.&quot;<ref>Proudhon, Pierre-Joseph <external href="http://etext.virginia.edu/toc/modeng/public/ProProp.html">''What is Property?''</external> (1840), p. 281</ref> Greene, influenced by <link label="Pierre Leroux">Pierre Leroux</link>, sought mutualism in the synthesis of three philosophies — communism, capitalism and socialism.<ref>Greene, William B. &quot;Communism — Capitalism — Socialism&quot;, <i>Equality</i> (1849)<external href="http://www.libertarian-labyrinth.org/greene/wbg-css.html">http://www.libertarian-labyrinth.org/greene/wbg-css.html</external>, p. 59. </ref> Later individualist anarchists used the term mutualism but retained little emphasis on synthesis, while <link label="Social anarchism">social anarchists</link> such as the authors of <link label="An Anarchist FAQ">An Anarchist FAQ</link> claim mutualism as a subset of their philosophical tradition.&lt;ref name=&quot;faq-social&quot;/&gt;</p>
</section><section depth="2"><title>Individualist anarchism</title>
<template head="main"><link label="Individualist anarchism">Individualist anarchism</link></template>
<p>Individualist anarchism comprises &quot;several traditions&quot;<ref>Ward, Colin. <i>Anarchism: A Very Short Introduction</i>. <link label="Oxford University Press">Oxford University Press</link>, 2004, p. 2</ref> which hold that &quot;individual conscience and the pursuit of self-interest should not be constrained by any collective body or public authority.&quot;<ref>Heywood, Andrew, Key Concepts in Politics, Palgrave, ISBN 0-312-23381-7, 2000, p. 46</ref> Individualist anarchism is supportive of property being held privately, unlike the social/socialist/collectivist/communitarian wing which advocates common ownership.<ref>Freeden, Micheal. <i>Ideologies and Political Theory: A Conceptual Approach</i>. Oxford University Press. ISBN 019829414X. pp. 314</ref>  Individualist anarchism has been espoused by individuals such as <link label="Henry David Thoreau">Henry David Thoreau</link><ref>Johnson, Ellwood. <i>The Goodly Word: The Puritan Influence in America Literature</i>, Clements Publishing, 2005, p. 138: &quot;…a political theory that has usually been named 'anarchist individualism'…The theory, however, does not advocate anarchism in the sense, for example, of the destruction of institutions; its purpose is only description. Emersonian and Thoreauavian anarchism does not call for any specifiable program of rebellion or destruction of social institutions, but merely asserts one abiding truth…&quot; <i>Encyclopaedia of the Social Sciences</i>, edited by Edwin Robert Anderson Seligman, Alvin Saunders Johnson, 1937, p. 12: &quot;The noblest and most eloquent statement of this essentially anarchist individualism came a generation later in Thoreau's essay on Civil Disobedience&quot; Bool, Henry, <external href="http://praxeology.net/HB-AJA.htm''">Henry Bool's Apology for His Jeffersonian Anarchism''</external>, 1901: &quot;I am a believer in the doctrines of the individualistic school of Anarchists, to which Garrison, Emerson, Proudhon, Thoreau, Spooner, Andrews, Warren and Tucker belong.&quot;</ref> <link label="Josiah Warren">Josiah Warren</link>, and <link label="Murray Rothbard">Murray Rothbard</link>. <link label="William Godwin">William Godwin</link>, regarded by some as an individualist anarchist,<ref>Woodcock,  George. 2004. <i>Anarchism: A History Of Libertarian Ideas And Movements</i>. Broadview Press. p. 20</ref> advocated benevolence but also defended the sanctity of &quot;private judgement&quot; for each individual over his own labor and his property, and predicted a progressive rationalism that would result in government becoming smaller over time until eventual disappearance.
<img src="Max stirner.jpg">thumb|[[19th century philosophy|19th century philosopher</img> <link label="Max Stirner">Max Stirner</link>, a prominent early <link label="Individualist anarchist">individualist anarchist</link> (sketch by <link label="Friedrich Engels">Friedrich Engels</link>).]]
One of the earliest and best-known proponents of individualist anarchism was <link label="Max Stirner">Max Stirner</link>,&lt;ref name=&quot;SEP-Stirner&quot;&gt;<template head="sep entry"><field>max-stirner</field><field>Max Stirner</field></template>&lt;/ref&gt; who wrote <i><link label="The Ego and Its Own">The Ego and Its Own</link></i> (1844), a &quot;founding text&quot; of the philosophy.&lt;ref name = &quot;SEP-Stirner&quot;/&gt; <link label="Philosophy of Max Stirner">Stirner's philosophy</link> was an &quot;<link label="Egoism">egoist</link>&quot; form of individualist anarchism according to which the individual does as he/she pleases, taking no notice of God, state, or moral rules,<ref>Miller, David. &quot;anarchism.&quot; 1987. The Blackwell Encyclopaedia of Political Thought. Blackwell Publishing. p 11</ref> and society has no responsibility for its members.<ref>Heider, Ulrike. <i>Anarchism: Left, Right and Green</i>, San Francisco: City Lights Books, 1994, pp. 95-96</ref> To Stirner, rights were <i><link label="Reification">spooks</link></i> in the mind, and society does not exist but &quot;the individuals are its reality&quot; — he supported property as possession by might rather than right.<ref>&quot;What my might reaches is my property; and let me claim as property everything I feel myself strong enough to attain, and let me extend my actual property as fas as <i>I</i> entitle, that is, empower myself to take…&quot; In Ossar, Michael. 1980. Anarchism in the Dramas of Ernst Toller. SUNY Press. p. 27</ref> Stirner preached self-assertion and foresaw &quot;associations of egoists&quot; where respect for ruthlessness drew people together.<ref>Woodcock. George. 2004. Anarchism: A History of Libertarian Ideas and Movements. Broadview Press. p 20</ref></p>

<p>A &quot;less radical&quot;&lt;ref name=encarta7/&gt; form of individualist anarchism was advocated by the &quot;Boston anarchists,&quot; individualists who supported private property and a <link label="Free market">free market</link>.<ref>&quot;Anarchism is a word without meaning, unless it includes the liberty of the individual to control his product or whatever his product has brought him through exchange in a free market - that is, private property. Whoever denies private property is of necessity an Archist.&quot; &quot;Anarchism and Property&quot;, by Benjamin Tucker in <i>The New Freewoman</i>, <link label="November 15">November 15</link> <link label="1913">1913</link></ref> They advocated the protection of liberty and property by private contractors,<ref><link label="Benjamin Tucker">Benjamin Tucker</link>, &quot;defense is a service like any other service; that it is labor both useful and desired, and therefore an economic commodity subject to the law of supply and demand; that in a free market this commodity would be furnished at the cost of production; that, competition prevailing, patronage would go to those who furnished the best article at the lowest price; that the production and sale of this commodity are now monopolized by the State; and that the State, like almost all monopolists, charges exorbitant prices&quot; &quot;Instead of a Book&quot; (1893)&lt;br/&gt;
&quot;Anarchism does not exclude prisons, officials, military, or other symbols of force. It merely demands that non-invasive men shall not be made the victims of such force. Anarchism is not the reign of love, but the reign of justice. It does not signify the abolition of force-symbols but the application of force to real invaders.&quot; Tucker, Benjamin. <i>Liberty</i> <link label="October 19">October 19</link> <link label="1891">1891</link>.</ref> and endorsed exchange of labor for wages,<ref>Tucker, Benjamin. &quot;<external href="http://flag.blackened.net/daver/anarchism/tucker/tucker37.html">Labor and Its Pay</external>&quot;, from <i>Individual Liberty: Selections from the Writings of Benjamin T. Tucker</i></ref> although they believed <link label="State monopoly capitalism">state monopoly capitalism</link> (defined as a state-sponsored monopoly&lt;ref name=schwartzman&gt;Schwartzman, Jack. '&quot;Ingalls, Hanson, and Tucker: Nineteenth-Century American Anarchists&quot;. <i>American Journal of Economics and Sociology</i>, Vol. 62, No. 5 (November, 2003). p. 325&lt;/ref&gt; didn't fully reward labor. Even among the nineteenth century American individualists, there was not a monolothic doctrine, as they disagree amongst each other on various issues. For example, Tucker opposed intellectual property rights while Spooner supported them.<ref>Spooner, Lysander. <external href="http://lysanderspooner.org/intellect/contents.htm">''The Law of Intellectual Property''</external></ref> Tucker supported property in land only while it was being used or occupied, while Byington and Spooner had no such restrictions for property.<ref>Carl Watner. <template head="PDFlink"><field><external href="http://www.mises.org/journals/jls/1_4/1_4_4.pdf">Benjamin Tucker and His Periodical</external></field><field>868&amp;nbsp;<link label="Kibibyte">KiB</link>&lt;!-- application/pdf, 889419 bytes --&gt;</field></template>, Liberty. <i><link label="Journal of Libertarian Studies">Journal of Libertarian Studies</link></i>, Vol. 1, No. 4, p. 308</ref><ref>Watner, Carl. <template head="PDFlink"><field><external href="http://www.mises.org/journals/lf/1975/1975_03.pdf">Spooner Vs. Liberty</external></field><field>1.20&amp;nbsp;<link label="Mebibyte">MiB</link>&lt;!-- application/pdf, 1262532 bytes --&gt;</field></template> in The Libertarian Forum. March 1975. Volume VII, No 3. ISSN 0047-4517. pp. 5-6.</ref>  A major cleft occurred later in the 19th century when Tucker, and some others, abandoned <link label="Natural rights">natural rights</link> and converted to an &quot;egoism&quot; modeled upon <link label="Philosophy of Max Stirner">Stirner's philosophy</link>.<ref>Watner, Carl. 1977. &quot;Benjamin Tucker and His Periodical, <i>Liberty</i>.&quot; <i><link label="Journal of Libertarian Studies">Journal of Libertarian Studies</link></i></ref> Some, like Tucker, identified themselves as &quot;socialist&quot; – a term which at the time denoted a broad concept – which he understood to refer to many ideas aimed at solving &quot;the labor problem&quot; by radically changing the economy.<ref>Brooks, Frank H. 1994. <i>The Individualist Anarchists: An Anthology of Liberty</i> (1881-1908). Transaction Publishers. p. 75.</ref>) </p>

<p>By the turn of the century, &quot;the heyday of individualist anarchism had passed.&quot;<ref>Avrich, Paul. 2006. Anarchist Voices: An Oral History of Anarchism in America. AK Press. p. 6</ref> However, individualist anarchism was later revived with modifications by <link label="Murray Rothbard">Murray Rothbard</link> and the anarcho-capitalists in the mid-twentieth century, as a current of the broader <link label="Libertarian">libertarian</link> movement.&lt;ref name=encarta7&gt;Levy, Carl. &quot;<external href="http://uk.encarta.msn.com/encyclopedia_761568770_1/Anarchism.html">Anarchism</external>&quot;. Microsoft <link label="Encarta">Encarta</link> Online Encyclopedia 2007.&lt;/ref&gt;<ref>Miller, David. &quot;Anarchism&quot;. <i>The Blackwell Encyclopaedia of Political Thought</i> 1987. p. 11</ref></p>
</section><section depth="2"><title>Social anarchism</title>
<template head="main"><link label="Social anarchism">Social anarchism</link></template><section depth="3"><title>Collectivist anarchism</title>
<template head="main"><link label="Collectivist anarchism">Collectivist anarchism</link></template>
<p><img src="Bakuninfull.jpg">thumb|right|Collectivist anarchist [[Mikhail Bakunin</img> opposed the <link label="Marxist">Marxist</link> aim of <link label="Dictatorship of the proletariat">dictatorship of the proletariat</link> in favour of universal rebellion.&lt;ref name=bbc/&gt;]] 
Collectivist anarchism (a specific tendency not to be confused with the broad category sometimes called <link label="Collectivist">collectivist</link> or <link label="Communitarian">communitarian</link> anarchism<ref>Morris, Christopher W. 1998. <i>An Essay on the Modern State</i>. Cambridge University Press. p 50. The collectivist <i>category</i> is also sometimes known as social, socialist, or communitarian anarchism category.</ref>) is most commonly associated with <link label="Mikhail Bakunin">Mikhail Bakunin</link> and with <link label="Johann Most">Johann Most</link>.<ref>Avrich, Paul. 2006. <i>Anarchist Voices: An Oral History of Anarchism in America</i>. <link label="AK Press">AK Press</link>. p. 5</ref> Unlike mutualists, collectivist anarchists oppose all private ownership of the means of production, instead advocating that ownership be collectivized. However, collectivization was not to be extended to the distribution of income, as workers would be paid according to time worked, rather than receiving goods being distributed &quot;according to need&quot; as in anarcho-communism. Although the collectivist anarchists advocated compensation for labor, some held out the possibility of a post-revolutionary transition to a communist system of distribution according to need.<ref>Bakunin's associate, <link label="James Guillaume">James Guillaume</link>, put it this way in his essay, <i><external href="http://www.marxists.org/reference/archive/guillaume/works/ideas.htm">Ideas on Social Organization</external></i>(1876): &quot;When… production comes to outstrip consumption… [e]veryone will draw what he needs from the abundant social reserve of commodities, without fear of depletion; and the moral sentiment which will be more highly developed among free and equal workers will prevent, or greatly reduce, abuse and waste.&quot;</ref> Collective anarchism arose contemporaneously with <link label="Marxism">Marxism</link> but opposed the Marxist <link label="Dictatorship of the proletariat">dictatorship of the proletariat</link>, despite Marxism striving for a collectivist stateless society.<ref>Bakunin, Mikhail; <i><external href="http://www.gmu.edu/departments/economics/bcaplan/anarfaq.htm">Statism and Anarchism</external></i>: &quot;They [the Marxists] maintain that only a dictatorship — their dictatorship, of course — can create the will of the people, while our answer to this is: No dictatorship can have any other aim but that of self-perpetuation, and it can beget only slavery in the people tolerating it; freedom can be created only by freedom, that is, by a universal rebellion on the part of the people and free organization of the toiling masses from the bottom up.&quot;</ref></p>
</section><section depth="3"><title>Anarchist communism</title>
<template head="main"><link label="Anarchist communism">Anarchist communism</link></template>
<p><img src="Kropotkin Nadar.jpg">thumb|left|Anarcho-communist [[Peter Kropotkin</img> believed that in <link label="Anarchy">anarchy</link>, workers would spontaneously self-organize to produce goods in common for all society.]]
Anarchist communists propose that a society composed of a number of <link label="Self-governance">self-governing</link> <link label="Commune (socialism)">communes</link> with <link label="Collectivism">collective</link> use of the <link label="Means of production">means of production</link> and <link label="Direct democracy">direct democracy</link> as the political organizational form, and related to other communes through <link label="Federation">federation</link> would be the freest form of social organisation.&lt;ref name=&quot;LibCom&quot;/&gt; However, some anarchist communists oppose the majoritarian nature of direct democracy, feeling that it can impede individual liberty and favor <link label="Consensus democracy">consensus democracy</link>.<ref><link label="David Graeber">Graeber, David</link> and Grubacic, Andrej. <i>Anarchism, Or The Revolutionary Movement Of The Twenty-first Century</i></ref> <link label="Joseph Déjacque">Joseph Déjacque</link> was an early anarchist communist and the first person to describe himself as &quot;<link label="Libertarian socialism">libertarian</link>&quot;.<ref>&quot;<external href="http://joseph.dejacque.free.fr/ecrits/lettreapjp.htm">De l'être-humain mâle et femelle - Lettre à P.J. Proudhon par Joseph Déjacque</external>&quot; (in <link label="French language">French</link>)</ref></p>

<p>In anarchist communism, individuals would not receive direct <link label="Remuneration">compensation</link> for labour (through sharing of <link label="Profit">profit</link>s or payment), but would instead have free access to the resources and surplus of the <link label="Commune (socialism)">commune</link>.<ref>Miller. <i>Blackwell Encyclopaedia of Political Thought</i>, Blackwell Publishing (1991) ISBN 0-631-17944-5, p. 12</ref> According to Kropotkin and later <link label="Murray Bookchin">Murray Bookchin</link>, the members of such a society will spontaneously perform all necessary labour because they will recognize the benefits of communal enterprise and mutual aid.<ref>
* Kropotkin, Peter <i><link label="Mutual Aid: A Factor of Evolution">Mutual Aid: A Factor of Evolution</link></i>, 1998 paperback, London: Freedom Press. ISBN 0-900384-36-0, also at <external href="http://www.gutenberg.org/etext/4341">Project Gutenburg</external>
* Kropotkin, Peter <i><link label="The Conquest of Bread">The Conquest of Bread</link></i>, first published 1892, also at <external href="http://dwardmac.pitzer.edu/Anarchist_Archives/kropotkin/conquest/toc.html">Anarchy Archives</external>
* Kropotkin, Peter <i><link label="Fields, Factories and Workshops">Fields, Factories and Workshops</link></i>, available at <external href="http://dwardmac.pitzer.edu/anarchist_archives/kropotkin/fields.html">Anarchy Archives</external>
* Bookchin, Murray <i><link label="Post Scarcity Anarchism">Post Scarcity Anarchism</link></i> (1971 and 2004) ISBN 1-904859-06-2.</ref> Kropotkin believed that <link label="Private property">private property</link> was one of the causes of oppression and exploitation and called for its abolition.&lt;ref name=kropcon/&gt;<ref><link label="Peter Kropotkin">Kropotkin</link>, Peter. <i>Words of a Rebel</i>, p99.</ref> In opposition to private property he advocated common ownership, proposing that &quot;houses, field, and factories will no longer be private property [but] will be belong to the commune or the nation.&quot;&lt;ref name=kropcon&gt;Kropotkin, Peter. 1907. <i>The Conquest of Bread</i>. Putnam. p. 202&lt;/ref&gt;</p>

<p>The status of anarchist communism within anarchism is disputed, because it is seen by individualist anarchists and anarcho-capitalists as incompatible with <link label="Freedom">freedom</link>.<ref>Yarros, Victor S. &quot;A Princely Paradox&quot;, <i>Liberty</i>, Vol 4. No. 19, Saturday, April 9, 1887, Whole Number 97; Tucker, Benjamin. &quot;Labor and Its Pay&quot;; Appleton, Henry. &quot;Anarchism, True and False&quot;, <i>Liberty</i> 2.24, no. 50, 6 September 1884, p. 4; Swartz, Clarence Lee. <i>What is Mutualism?</i>; Rothbard, Murray. &quot;<external href="http://www.mises.org/story/2197">The Death Wish of the Anarcho-Communists</external>&quot;</ref> Some <link label="Anarcho-syndicalism">anarcho-syndicalists</link> saw an anarcho-communist society as their objective; for example, the Spanish CNT adopted <link label="Isaac Puente">Isaac Puente</link>'s 1932 <i>El comunismo libertario</i>&lt;ref name=&quot;LibCom&quot;&gt;<link label="Isaac Puente">Puente, Isaac</link>. <external href="http://flag.blackened.net/liberty/libcom.html">&quot;Libertarian Communism&quot;</external>. <i>The Cienfuegos Press Anarchist Review</i>. Issue 6 Orkney 1982 &lt;/ref&gt; as its manifesto for a post-revolutionary society. <link label="Platformism">Platformism</link> is an anarchist communist tendency in the tradition of <link label="Nestor Makhno">Nestor Makhno</link> who argued for the &quot;vital need of an organization which, having attracted most of the participants in the anarchist movement, would establish a common tactical and political line for anarchism and thereby serve as a guide for the whole movement.&quot;&lt;ref name=Platformtext&gt;<template head="cite book"><field name="last"> Dielo Trouda </field><field name="authorlink"> Dielo Trouda </field><field name="title"> Organizational Platform of the General Union of Anarchists (Draft) </field><field name="origyear"> 1926 </field><field name="url"> http://www.anarkismo.net/newswire.php?story_id=1000 </field><field name="accessdate"> 2006-10-24 </field><field name="year"> 2006 </field><field name="publisher"> FdCA </field><field name="location"> Italy</field></template>&lt;/ref&gt; Some anarcho-communists<template head="who?"><field name="date">October 2007</field></template> are strongly influenced by radical individualist and egoist philosophy and believe that anarcho-communism does not require a communitarian nature at all. Some forms of <link label="Libertarian communism">libertarian communism</link> are strongly <link label="Ethical egoism">Egoist</link> in nature.<ref>Christopher Gray, <i>Leaving the Twentieth Century</i>, p. 88.</ref> Anarcho-communist <link label="Emma Goldman">Emma Goldman</link> was influenced by both Max Stirner and Kropotkin and blended their philosophies together in her own.<ref>Emma Goldman, <i>Anarchism and Other Essays</i>, p. 50.</ref></p>
</section><section depth="3"><title>Anarcho-syndicalism</title>
<template head="main"><link label="Syndicalism">Anarcho-syndicalism</link></template>
<p><img src="Anarchist flag.svg">right|thumb|A common anarcho-syndicalist flag.</img>
<template head="rewrite-section"></template>
In the early twentieth century anarcho-syndicalism arose as a distinct school of thought within anarchism. With greater focus on the labour movement than previous forms of anarchism, syndicalism posits radical <link label="Trade union">trade union</link>s as a potential force for revolutionary social change, replacing capitalism and the state with a new society, democratically <link label="Workers' self-management">self-managed by the workers</link>. Anarcho-syndicalists seek to abolish the wage system and private ownership of the means of production, which they believe lead to class divisions. Important principles of syndicalism include workers' solidarity, <link label="Direct action">direct action</link> (such as <link label="General strike">general strike</link>s and <link label="Recovered factory">workplace recuperations</link>), and <link label="Workers' self-management">workers' self-management</link>.</p>

<p>Anarcho-syndicalism and other branches of anarchism are not mutually exclusive: anarcho-syndicalists often subscribe to communist or collectivist anarchism. Its advocates propose labour organization as a means to create the foundations of a non-hierarchical anarchist society within the current system and bring about social revolution. 
According to <link label="An Anarchist FAQ">An Anarchist FAQ</link>, anarcho-syndicalist economic systems often take the form of either a <link label="Collectivist anarchism">collectivist anarchist</link> economic system or a <link label="Anarcho-communism">anarcho-communist</link> economic system.&lt;ref name=&quot;faq-social&quot;&gt;&quot;<external href="http://www.infoshop.org/faq/secA3.html#seca32Are">there different types of social anarchism?</external>&quot;, <link label="An Anarchist FAQ">An Anarchist FAQ</link>. Retrieved <link label="2007-12-13">2007-12-13</link>.&lt;/ref&gt;</p>

<p><link label="Rudolf Rocker">Rudolf Rocker</link> was a leading early anarcho-syndicalist thinker who outlined a view of the origins of the movement, what it sought, and why it was important to the future of labour in his 1938 pamphlet <i>Anarchosyndicalism</i>.&lt;ref name=&quot;faq-social&quot;/&gt;<ref><external href="http://www.spunk.org/library/writers/rocker/sp001495/rocker_as1.html">''Anarchosyndicalism</external><i> by <link label="Rudolf Rocker">Rudolf Rocker</link>, retrieved <link label="7 September">7 September</link> <link label="2006">2006</link>&lt;/ref&gt; Although more frequently associated with labor struggles of the early twentieth century (particularly in <link label="Anarchism in France">France</link> and <link label="Anarchism in Spain">Spain</link>), many syndicalist organizations are active today, including the <link label="Central Organisation of the Workers of Sweden">SAC</link> in Sweden, the <link label="Unione Sindacale Italiana">USI</link> in Italy, and the <link label="Confederación Nacional del Trabajo">CNT</link> in Spain. A number of these organizations are united across national borders by membership in the <link label="International Workers Association">International Workers Association</link>.</i></ref></p>
</section></section><section depth="2"><title>Recently-developed schools of thought</title>
<p><img src="Bey hakim.jpg">thumb|right|[[Temporary Autonomous Zone</img> theorist <link label="Peter Lamborn Wilson">Hakim Bey</link> is an influential figure in contemporary anarchist circles.]]
Anarchism continues to generate many eclectic and <link label="Syncretic politics">syncretic</link> philosophies and movements; since the revival of anarchism in the <link label="U.S.A.">U.S.</link> in the 1960s,&lt;ref name=&quot;revival&quot;&gt;<template head="cite journal"><field name="last"> Williams
 </field><field name="first"> Leonard
 </field><field name="year"> 2007
 </field><field name="month"> September
 </field><field name="title"> Anarchism Revived
 </field><field name="journal"> New Political Science
 </field><field name="volume"> 29
 </field><field name="issue"> 3
 </field><field name="pages"> 297 - 312
 </field><field name="doi"> 10.1080/07393140701510160
 </field><field name="accessdate"> 2007-12-04
 </field></template>
&lt;/ref&gt; a number of new movements and schools have emerged.</p>

<p><link label="Post-left anarchy">Post-left anarchy</link> seeks to distance itself from the traditional &quot;<link label="Left-wing politics">left</link>&quot; and to escape the confines of <link label="Ideology">ideology</link> in general. Post-leftists argue that anarchism has been weakened by its long attachment to contrary &quot;leftist&quot; movements and single issue causes and calls for a synthesis of anarchist thought and a specifically anti-authoritarian revolutionary movement outside of the leftist milieu. <link label="Post-anarchism">Post-anarchism</link> is a theoretical move towards a synthesis of classical anarchist theory and <link label="Poststructuralist">poststructuralist</link> thought developed by <link label="Saul Newman">Saul Newman</link> and associated with thinkers such as <link label="Todd May">Todd May</link>, <link label="Gilles Deleuze">Gilles Deleuze</link> and <link label="Félix Guattari">Félix Guattari</link>. It draws from a wide range of ideas including <link label="Autonomism">autonomism</link>, post-left anarchy, <link label="Situationism">situationism</link>, <link label="Post-colonialism">post-colonialism</link> and Zapatismo. Another recent form of anarchism critical of formal anarchist movements is <link label="Insurrectionary anarchism">insurrectionary anarchism</link> which advocates informal organization and active resistance to the state; its proponents include <link label="Wolfi Landstreicher">Wolfi Landstreicher</link> and <link label="Alfredo M. Bonanno">Alfredo M. Bonanno</link>.</p>
<section depth="3"><title>Anarcho-capitalism</title>
<template head="main"><link label="Anarcho-capitalism">Anarcho-capitalism</link></template>
<p><img src="Murray Rothbard.jpg">thumb|left|[[Murray Rothbard</img> (1926–1995), 20th century progenitor of anarcho-capitalism.]]
Anarcho-capitalism (also <i>free-<link label="Market anarchism">market anarchism</link></i><ref>&quot;This volume honors the foremost contemporary exponent of free-market anarchism. One contributor describes Murray Rothbard as 'the most ideologically committed zero-State academic economist on earth'.&quot; Review by Lawrence H. White of &quot;Man, Economy, and Liberty: Essays in honor of Murray N. Rothbard&quot;, published in <i>Journal of Economic Literature</i>, Vol XXVIII, June 1990, page 664</ref>) is a political philosophy &quot;based on a belief in the freedom to own <link label="Private property">private property</link>, a rejection of any form of governmental authority or intervention, and the upholding of the competitive free market as the main mechanism for social interaction.&quot;<ref>&quot;Anarcho-capitalism.&quot; <i>Oxford English Dictionary</i>. 2004. <link label="Oxford University Press">Oxford University Press</link>.</ref> Anarcho-capitalism has a theory of <link label="Legitimacy">legitimacy</link> that supports private property as long as it was obtained by labor, trade, or gift.&lt;ref name=confiscation&gt;Rothbard, Murray (1969) <template head="PDFlink"><field><external href="http://mises.org/journals/lf/1969/1969_06_15.pdf">''Confiscation and the Homestead Principle''</external></field><field>580&amp;nbsp;<link label="Kibibyte">KiB</link>&lt;!-- application/pdf, 594473 bytes --&gt;</field></template> <i>The Libertarian Forum</i> Vol. I, No. VI (<link label="June 15">June 15</link> <link label="1969">1969</link>) Retrieved <link label="5 August">5 August</link> <link label="2006">2006</link>&lt;/ref&gt; In an anarcho-capitalist society, its proponents hold, voluntary market processes would result in the provision of social institutions such as <link label="Law enforcement">law enforcement</link>, <link label="National defence">defence</link> and <link label="Infrastructure">infrastructure</link> by competing for-profit firms, <link label="Charity (practice)">charities</link> or <link label="Voluntaryism">voluntary associations</link>.<ref><link label="Karl Hess">Hess, Karl</link>. &quot;<external href="http://fare.tunes.org/books/Hess/dop.html">The Death of Politics</external>&quot;. <i>Playboy Magazine</i>, March 1969</ref> rather than <link label="The state">the state</link>. </p>

<p>Anarcho-capitalism has drawn influence from pro-market theorists such as <link label="Gustave de Molinari">Gustave de Molinari</link>, <link label="Frederic Bastiat">Frederic Bastiat</link>, and <link label="Robert Nozick">Robert Nozick</link>, as well as American invidualist thinkers such as <link label="Benjamin Tucker">Benjamin Tucker</link> and <link label="Lysander Spooner">Lysander Spooner</link>.<ref>DeLeon, David. The American as Anarchist: Reflections on Indigenous Radicalism. Johns Hopkins University Press, 1978, p. 127</ref><ref><i>Blackwell Encyclopaedia of Political Thought</i>, 1987, ISBN 0-631-17944-5, p. 290: &quot;A student and disciple of the Austrian economist Ludwig von Mises, Rothbard combined the laissez-faire economics of his teacher with the absolutist views of human rights and rejection of the state he had absorbed from studying the individualist American anarchists of the nineteenth century such as Lysander Spooner and Benjamin Tucker. (Rothbard himself is on the anarchist wing of the movement.)&quot;</ref> It has been characterised as a form of <link label="Individualist anarchism">individualist anarchism</link>.<ref>Adams, Ian. 2002. <i>Political Ideology Today</i>. p. 135. Manchester University Press; Ostergaard, Geoffrey. 2003. &quot;Anarchism&quot;. <i>The Blackwell Dictionary of Modern Social Thought</i>. W. Outwaite ed. Blackwell Publishing. p. 14.</ref> However, unlike the version of individualist anarchism held by Tucker and Spooner, it rejects the <link label="Labor theory of value">labor theory of value</link> and its <link label="Norm (philosophy)">normative</link> implications in favor of the <link label="Neo-classical economics">neo-classical</link> <link label="Marginalism">marginalist</link> view. Anarcho-capitalist ideas have in turn contributed to the development of <link label="Agorism">agorism</link>,&lt;ref name=&quot;newlibman&quot;/&gt; <link label="Autarchism">autarchism</link>, market-oriented <link label="Left-libertarianism">left-libertarianism</link>,&lt;ref name=&quot;newlibman&quot;&gt;<template head="cite book"><field name="last"> Konkin </field><field name="first"> Samuel Edward </field><field name="title"> New Libertarian Manifesto </field><field name="publisher"> KoPubCo year = 2006 </field><field name="isbn"> 9780977764921 </field></template> (<external href="http://agorism.info/NewLibertarianManifesto.pdf">online version</external>)&lt;/ref&gt; and <link label="Crypto-anarchism">crypto-anarchism</link>.<ref>Vernor Vinge, James Frankel. <i>True Names: And the Opening of the Cyberspace Frontier</i> (2001), Tor Books, p.44</ref></p>

<p>Anarcho-capitalism has been advocated on both <link label="Natural rights">natural rights</link>-based <ref><link label="Murray Rothbard">Murray Rothbard</link> and <link label="Hans-Hermann Hoppe">Hans-Hermann Hoppe</link></ref> and <link label="Utilitarian">utilitarian</link><ref>e.g. by <link label="David D. Friedman">David D. Friedman</link></ref> grounds. Because of the historically <link label="Anti-capitalist">anti-capitalist</link> nature of most anarchist thought, the status of <link label="Anarchism and anarcho-capitalism">anarcho-capitalism within anarchism</link> is disputed, <link label="Anarcho-communism">communist anarchists</link> [having] been particularly keen to remove individualists anarchists such as <link label="Murray Rothbard">Murray Rothbard</link> from literary accounts of anarchism.<ref>Jainendra, Jha. 2002. &quot;Anarchism&quot;. <i>Encyclopedia of Teaching of Civics and Political Science</i>. p. 52. Anmol Publications.</ref> Rothbard distinguished free-market capitalism – peaceful voluntary exchange<ref>Rothbard, Murray N. &quot;A Future of Peace and Capitalism&quot;. <i>Modern Political Economy</i>. James H. Weaver (ed.). pp 419. Allyn and Bacon.</ref> – from &quot;<link label="State capitalism">state capitalism</link>&quot; which he defined as a collusive partnership between <link label="Big business">big business</link> and government that uses <link label="Coercion">coercion</link> to subvert the free market.<ref>Murray Rothbard, A Future of Peace and Capitalism; Murray Rothbard, Left and Right: The Prospects for Liberty.</ref> In this spirit, Rothbard stated that &quot;capitalism is the fullest expression of anarchism, and anarchism is the fullest expression of capitalism.&quot;<ref>&quot;<external href="http://www.lewrockwell.com/rothbard/rothbard103.html">Exclusive Interview With Murray Rothbard</external>&quot; <i>The New Banner: A Fortnightly Libertarian Journal</i>. <link label="25 February">25 February</link>, <link label="1972">1972</link>.</ref></p></section><section depth="3"><title>Anarcha-feminism</title>
<template head="main"><link label="Anarcha-feminism">Anarcha-feminism</link></template>
<p><img src="Anfem.svg">thumb|A purple and black flag is often used to represent [[Anarcha-feminism</img>.]]
Anarcha-feminism synthesizes <link label="Radical feminism">radical feminism</link> and anarchism that views <link label="Patriarchy">patriarchy</link> (male domination over women) as a fundamental manifestation of involuntary hierarchy to which anarchists are opposed. Anarcha-feminism was inspired in the late <link label="19th century">19th century</link> by the writings of early feminist anarchists such as <link label="Lucy Parsons">Lucy Parsons</link>, <link label="Emma Goldman">Emma Goldman</link> and <link label="Voltairine de Cleyre">Voltairine de Cleyre</link>. Anarcha-feminists, like other radical feminists, criticize and advocate the abolition of traditional conceptions of family, education and <link label="Gender role">gender role</link>s. Anarcha-feminists also often criticize the views of some of the traditional anarchists such as <link label="Mikhail Bakunin">Mikhail Bakunin</link> who have believed that patriarchy is only a minor problem and is dependent only on the existence of the state and capitalism and will disappear soon after such institutions are abolished.<template head="disputed-inline"></template> Anarcha-feminists by contrast view patriarchy as a fundamental problem in society and believe that the feminist struggle against sexism and patriarchy is a essential component of the anarchist struggle against the <link label="State">state</link> and <link label="Capitalism">capitalism</link>. <link label="L. Susan Brown">L. Susan Brown</link> expressed the sentiment that &quot;as anarchism is a political philosophy that opposes all relationships of power, it is inherently feminist&quot;.<ref><link label="L. Susan Brown">Brown, Susan</link>. &quot;Beyond Feminism:  Anarchism and Human Freedom&quot; <i>Anarchist Papers 3</i> Black Rose Books (1990) p. 208</ref></p>
</section><section depth="3"><title>Green anarchism</title>
<template head="main"><link label="Green anarchism">Green anarchism</link></template>
<template head="rewrite-section"></template>
<p><img src="Darker green and Black flag.svg">right|thumb|Green and black flag of Green Anarchism.</img>
Green anarchism is a school of thought within anarchism which emphasizes <link label="The environment">the environment</link>. Primitivist and anti-civilization green anarchists advocate a return to a <link label="Pre-industrial">pre-industrial</link> and usually pre-agricultural society.<ref>Nocella, Anthony. Best, Stephen. 'Igniting a Revolution: Voices in Defense of the Earth' AK Press (2006) pg.23</ref> They critique <link label="Industrial civilization">industrial civilization</link> from the perspective that <link label="Technology">technology</link> and <link label="Technology development">development</link> have <link label="Social alienation">alienated</link> people from the natural world.<template head="Who"><field name="date">October 2007</field></template> This strand of green anarchism philosophy develops themes present in the political action of the <link label="Luddites">Luddites</link> and the writings of <link label="Jean-Jacques Rousseau">Jean-Jacques Rousseau</link>, although when primitivism emerged it was influenced more directly by the works of theorists such as the <link label="Frankfurt School">Frankfurt School</link> <link label="Marxists">Marxists</link> <link label="Theodor Adorno">Theodor Adorno</link> and <link label="Herbert Marcuse">Herbert Marcuse</link>; and <link label="Anthropologists">anthropologists</link> <link label="Marshall Sahlins">Marshall Sahlins</link> and <link label="Richard Borshay Lee">Richard Borshay Lee</link>. Green anarchists such as <link label="Derrick Jensen">Derrick Jensen</link> and <link label="John Zerzan">John Zerzan</link>, identifying themselves as primitivists, advocate a complete process of '<link label="Rewilding">rewilding</link>' and a return to <link label="Nomadic">nomadic</link> <link label="Hunter-gatherer">hunter-gatherer</link> lifestyles.<ref><i>Endgame, Volume 1: The Problem of Civilization</i>, Seven Stories Press (ISBN 1-58322-730-X)</ref>&lt;ref name=WhatIsAnarchism&gt;<external href="http://www.insurgentdesire.org.uk/whatisanarchism.htm">John Zerzan - What is Anarchism?</external>&lt;/ref&gt; </p>

<p>Other green anarchists<template head="who?"><field name="date">November 2007</field></template> only wish to see an end to industrial society and do not necessarily oppose <link label="Domestication">domestication</link> or <link label="Agriculture">agriculture</link>. Yet other green anarchists<template head="who?"><field name="date">November 2007</field></template> focus not on a post-revolutionary future, but on defense of the earth and social revolution in the present. Many non-primitivist green anarchists, such as anthropologist <link label="Brian Morris (anthropologist)">Brian Morris</link>, are influenced by the <link label="Social ecology">social ecology</link> of <link label="Murray Bookchin">Murray Bookchin</link>.</p>
</section></section><section depth="2"><title>Anarchism without adjectives</title>
<template head="main"><link label="Anarchism without adjectives">Anarchism without adjectives</link></template>
<p><img src="Cleyere.jpg">thumb|left|[[Voltairine de Cleyre</img> was an anarchist without adjectives active in the late 19th century who rejected socialist/communist forms of anarchism for their need for regulation, and mutualist/individualist forms for their hard <link label="Propertarian">propertarian</link>ism.]]
<i>Anarchism without adjectives</i>, in the words of historian George Richard Esenwein, &quot;referred to an <link label="Hyphen">unhyphenated</link> form of anarchism, that is, a doctrine without any qualifying labels such as <link label="Anarchist communism">communist</link>, <link label="Collectivism">collectivist</link>, <link label="Mutualism (economic theory)">mutualist</link>, or <link label="Individualist anarchism">individualist</link>. For others,…[it] was simply understood as an attitude that tolerated the coexistence of different anarchist schools&quot;.<ref>Esenwein, George Richard &quot;Anarchist Ideology and the Working Class Movement in Spain, 1868-1898&quot; [p. 135] </ref> <i>Anarchism without adjectives</i> emphasizes harmony between various anarchist factions and attempts to unite them around their shared anti-authoritarian beliefs. 
The expression was coined by <link label="Cuba">Cuba</link>n-born <link label="Fernando Tarrida del Mármol">Fernando Tarrida del Mármol</link>, who used it in <link label="Barcelona">Barcelona</link> in November 1889 as a call for <link label="Tolerance">tolerance</link>, after being troubled by the &quot;bitter debates&quot; between the different anarchist movements.<ref>Avrich, Paul. <i>Anarchist Voices: An Oral History of Anarchism in America</i>. Princeton University Press, 1996, p. 6</ref> </p>

<p><link label="Voltairine de Cleyre">Voltairine de Cleyre</link> was an anarchist without adjectives who initially identified herself as an individualist anarchist but later espoused a collectivist form of anarchism,<ref>&quot;The best thing ordinary workingmen or women could do was to organise their industry to get rid of money altogether…Let them produce together, co-operatively rather than as employer and employed; let them fraternise group by group, let each use what he needs of his own product, and deposit the rest in the storage-houses, and let those others who need goods have them as occasion arises.&quot; Voltairine De Cleyre, &quot;Why I Am an Anarchist&quot;</ref> while refusing to identify herself with any of the contemporary schools. She commented that &quot;Socialism and Communism both demand a degree of joint effort and administration which would beget more regulation than is wholly consistent with ideal Anarchism; Individualism and Mutualism, resting upon property, involve a development of the private policeman not at all compatible with my notion of freedom&quot; although she stopped short of denouncing these tendencies as un-anarchistic.<ref>&quot;There is nothing un-Anarchistic about any of [these systems] until the element of compulsion enters and obliges unwilling persons to remain in a community whose economic arrangements they do not agree to.&quot;<template head="cn"><field name="date">January 2008</field></template></ref> <link label="Errico Malatesta">Errico Malatesta</link> was another proponent of anarchism without adjectives, stating that &quot;[i]t is not right for us, to say the least, to fall into strife over mere hypotheses.&quot;<ref><link label="Max Nettlau">Nettlau, Max</link>. <i>A Short History of Anarchism</i> [p. 198-9]</ref> <link label="Fred Woodworth">Fred Woodworth</link> is a contemporary anarchist without adjectives.<ref>&quot;I have no prefix or adjective for my anarchism. I think syndicalism can work, as can free-market <link label="Anarcho-capitalism">anarcho-capitalism</link>, <link label="Anarcho-communism">anarcho-communism</link>, even anarcho-hermits, depending on the situation. But I do have a strong <link label="Individualist">individualist</link> streak.&lt;br /&gt;<i>Anarchist Voices: An Oral History of Anarchism in America</i>, <link label="Paul Avrich">Paul Avrich</link> (2006). p. 475</ref></p>
</section></section><section depth="1"><title>Anarchism as a social movement</title>
<template head="Splitsection"><field name="date">August 2007</field></template>
<template head="Citations missing"><field>section</field><field name="date">November 2007</field></template>
<p>Anarchism as a <link label="Social movement">social movement</link> has regularly endured fluctuations in popularity. Its classical period, which scholars demarcate as from 1860 to 1939, is associated with the working-class movements of the nineteenth century and the <link label="Spanish Civil War">Spanish Civil War</link>-era struggles against <link label="Fascism">fascism</link>.<ref>Jonathan Purkis and James Bowen, &quot;Introduction: Why Anarchism Still Matters&quot;, in Jonathan Purkis and James Bowen (eds), <i>Changing Anarchism: Anarchist Theory and Practice in a Global Age</i> (Manchester: <link label="Manchester University Press">Manchester University Press</link>, 2004), p.3.</ref></p><section depth="2"><title>The First International</title>
<p><img src="FRE-AIT.svg">thumb|right|Logo first used by the Federal Council of Spain of the International Workingmen's Association.</img>
In Europe, harsh reaction followed the <link label="Revolutions of 1848">revolutions of 1848</link>,<template head="context needed"></template> but in 1864 the <link label="International Workingmen's Association">International Workingmen's Association</link> (sometimes called the &quot;First International&quot;) united diverse revolutionary currents including French followers of <link label="Proudhon">Proudhon</link>, <link label="Blanquists">Blanquists</link>, <link label="Freemasons">Freemasons</link> (<link label="Philadelphes">Philadelphes</link>), English trade unionists, <link label="Socialists">socialists</link> and <link label="Social democrats">social democrats</link>.<template head="Fact"><field name="date">December 2007</field></template> Due to its links to active workers' movements, the International became a significant organization. <link label="Karl Marx">Karl Marx</link> became a leading figure in the International and a member of its General Council. Proudhon's followers, the <link label="Mutualism (economic theory)">mutualists</link>, opposed Marx's <link label="State socialism">state socialism</link>, advocating political abstentionism and small property holdings.<template head="Fact"><field name="date">December 2007</field></template> In 1868, following their unsuccessful participation in the <link label="League of Peace and Freedom">League of Peace and Freedom</link> (LPF), <link label="Mikhail Bakunin">Mikhail Bakunin</link> and his associates joined the First International - which had decided not to get involved with the LPF. They allied themselves with the anti-authoritarian socialist sections of the International, who advocated the revolutionary overthrow of the state and the collectivization of property. At first, the <link label="Collectivist anarchism">collectivists</link> worked with the Marxists to push the First International in a more revolutionary socialist direction. Subsequently, the International became polarized into two camps, with Marx and Bakunin as their respective figureheads.<template head="Fact"><field name="date">December 2007</field></template></p>

<p>Bakunin characterised Marx's ideas as <link label="Authoritarianism">authoritarian</link> and predicted that, if a Marxist party came to power, its leaders would simply take the place of the <link label="Ruling class">ruling class</link> they had fought against.&lt;ref name=&quot;bakuninmarx&quot;/&gt;<ref><template head="cite book"><field name="last">Bakunin</field><field name="first">Mikhail</field><field name="authorlink">Mikhail Bakunin</field><field name="origyear">1873</field><field name="year"> 1991</field><field name="title">Statism and Anarchy </field><field name="publisher"> Cambridge University Press</field><field name="id"> ISBN 0-521-36973-8</field></template></ref> In 1872, the conflict climaxed with a final split between the two groups, when, at the <link label="Hague Congress (1872)">Hague Congress</link>, Marx engineered the expulsion of Bakunin and <link label="James Guillaume">James Guillaume</link> from the International and had its headquarters transferred to New York.<template head="Fact"><field name="date">December 2007</field></template> In response, the anti-authoritarian sections formed their own International at the <link label="Anarchist St. Imier International">St. Imier Congress</link>, adopting a revolutionary anarchist program.&lt;ref name=Graham-05&gt;Graham, Robert '<external href="http://www.blackrosebooks.net/anarism1.htm">'Anarchism''</external> (Montreal: Black Rose Books 2005) ISBN 1-55164-251-4&lt;/ref&gt;</p>
</section><section depth="2"><title>Anarchism and organized labor</title>
<template head="main"><link label="Anarcho-syndicalism">Anarchism in Spain</link></template>
<template head="missing information"><field><link label="Haymarket Riot">The Haymarket Strike</link></field></template>
<p><img src="Woman with cntfai flag.jpg">thumb|left|Spanish anarcho-syndicalists successfully organized [[Anarchist communities#Spanish revolution .281936 to 1939.29|autonomous communities</img> during the <link label="Spanish Revolution">Spanish Revolution</link> (1936 – 1939).]]
The anti-authoritarian sections of the First International were the precursors of the anarcho-syndicalists, seeking to &quot;replace the privilege and authority of the State&quot; with the &quot;free and spontaneous organization of labor.&quot;<ref> Resolutions from the St. Imier Congress, in <i>Anarchism: A Documentary History of Libertarian Ideas</i>, Vol. 1, p.100 <external href="http://www.blackrosebooks.net/anarism1.htm">http://www.blackrosebooks.net/anarism1.htm</external></ref> In 1907, the <link label="International Anarchist Congress of Amsterdam">International Anarchist Congress of Amsterdam</link> gathered delegates from 14 different countries, among which important figures of the <link label="Anarchist movement">anarchist movement</link>, including <link label="Errico Malatesta">Errico Malatesta</link>, <link label="Pierre Monatte">Pierre Monatte</link>, <link label="Luigi Fabbri">Luigi Fabbri</link>, <link label="Benoît Broutchoux">Benoît Broutchoux</link>, <link label="Emma Goldman">Emma Goldman</link>, <link label="Rudolf Rocker">Rudolf Rocker</link>, <link label="Christiaan Cornelissen">Christiaan Cornelissen</link>, etc. Various themes were treated during the Congress, in particular concerning the organisation of the anarchist movement, <link label="Popular education">popular education</link> issues, the <link label="General strike">general strike</link> or <link label="Anti-militarism">anti-militarism</link>. A central debate concerned the relation between anarchism and <link label="Syndicalism">syndicalism</link> (or <link label="Trade-union">trade-union</link>ism). Malatesta and Monatte in particular opposed themselves on this issue, as the latter thought that syndicalism was revolutionary and would create the conditions of a social <link label="Revolution">revolution</link>, while Malatesta considered that syndicalism by itself was not sufficient.<ref><external href="http://www.fondation-besnard.org/article.php3?id_article=225">Extract of Malatesta's declaration</external> <template head="fr icon"></template></ref> Malatesta thought that trade-unions were <link label="Reformist">reformist</link>, and could even be, at times, <link label="Conservative">conservative</link>. Along with Cornelissen, he cited as example <link label="Labor unions in the United States">US trade-unions</link>, where trade-unions composed of qualified workers sometimes opposed themselves to non-qualified workers in order to defend their relatively privileged position.</p>

<p>The Spanish Workers Federation in 1881 was the first major anarcho-syndicalist movement; anarchist trade union federations were of special importance in Spain. The most successful was the <link label="Confederación Nacional del Trabajo">Confederación Nacional del Trabajo</link> (National Confederation of Labour: CNT), founded in 1910. Before the 1940s, the CNT was the major force in Spanish working class politics and played a major role in the <link label="Spanish Civil War">Spanish Civil War</link>. The CNT was affiliated with the International Workers Association, a federation of anarcho-syndicalist trade unions founded in 1922, with delegates representing two million workers from 15 countries in Europe and Latin America. The largest organised anarchist movement today is in Spain, in the form of the <link label="Confederación General del Trabajo">Confederación General del Trabajo</link> (CGT) and the <link label="CNT">CNT</link>. CGT membership was estimated to be around 100,000 for the year 2003.<ref>Carley, Mark &quot;Trade union membership 1993-2003&quot; (International:SPIRE Associates 2004)</ref> Other active syndicalist movements include the US <link label="Workers Solidarity Alliance">Workers Solidarity Alliance</link> and the UK <link label="Solidarity Federation">Solidarity Federation</link>. The revolutionary industrial unionist <link label="Industrial Workers of the World">Industrial Workers of the World</link>, claiming 2,000 paying members, and the <link label="International Workers Association">International Workers Association</link>, an anarcho-syndicalist successor to the <link label="First International">First International</link>, also remain active.</p>
</section><section depth="2"><title>The Russian Revolution</title>
<template head="main"><link label="Russian Revolution of 1917">Russian Revolution of 1917</link></template>
<p><img src="Goldmanberkman.jpeg">thumb|right|Anarchists [[Emma Goldman</img> and <link label="Alexander Berkman">Alexander Berkman</link> resisted <link label="Bolshevik">Bolshevik</link> consolidation of power following the <link label="Russian Revolution of 1917">Russian Revolution of 1917</link>.]]
Anarchists participated alongside the <link label="Bolsheviks">Bolsheviks</link> in both February and October revolutions, many anarchists initially supporting the Bolshevik coup. However, the Bolsheviks soon turned against the anarchists and other left-wing opposition, a conflict that culminated in the 1921 <link label="Kronstadt rebellion">Kronstadt rebellion</link>. Anarchists in central Russia were either imprisoned or driven underground or joined the victorious Bolsheviks. In the <link label="Free Territory (Ukraine)">Ukraine</link>, anarchists fought in the <link label="Russian Civil War">civil war</link> against Whites and then the Bolsheviks as part of the <link label="Revolutionary Insurrectionary Army of Ukraine">Revolutionary Insurrectionary Army of Ukraine</link> led by <link label="Nestor Makhno">Nestor Makhno</link>, who attempted to establish an anarchist society in the region for a number of months.</p>

<p>Expelled American anarchists <link label="Emma Goldman">Emma Goldman</link> and <link label="Alexander Berkman">Alexander Berkman</link> were amongst those agitating in response to Bolshevik policy and the suppression of the Kronstadt uprising, before they left Russia. Both wrote accounts of their experiences in Russia, criticizing the amount of control the Bolsheviks exercised. For them, <link label="Bakunin">Bakunin</link>'s predictions about the consequences of Marxist rule&lt;ref name=&quot;bakuninmarx&quot;&gt;&quot;You can see quite well that behind all the democratic and socialistic phrases and promises in Marx’s program for the State lies all that constitutes the true despotic and brutal nature of all states, regardless of their form of government.&quot; Bakunin, Mikhail (1872) &quot;<external href="http://www.marxists.org/reference/archive/bakunin/works/1872/karl-marx.htm">On the International Workingmen's Association and Karl Marx</external>&quot; in <i>Bakunin on Anarchy</i>, translated and edited by Sam Dolgoff, 1971&lt;/ref&gt; had proved all too true.</p>

<p>The victory of the Bolsheviks in the October Revolution and the resulting Russian Civil War did serious damage to anarchist movements internationally. Many workers and activists saw Bolshevik success as setting an example; <link label="Communist party">Communist parties</link> grew at the expense of anarchism and other socialist movements. In France and the US, for example, certain members of the major syndicalist movements of the <link label="Confédération générale du travail">CGT</link> and <link label="IWW">IWW</link> left the organizations and joined the <link label="Comintern">Communist International</link>.</p>

<p>In Paris, the <link label="Dielo Truda">Dielo Truda</link> group of Russian anarchist exiles, which included <link label="Nestor Makhno">Nestor Makhno</link>, concluded that anarchists needed to develop new forms of organisation in response to the structures of Bolshevism. Their 1926 manifesto, called the <link label="Platformism">Organizational Platform of the General Union of Anarchists (Draft)</link>,&lt;ref name=Platformtext&gt;<template head="cite book"><field name="last"> Dielo Trouda group </field><field name="authorlink"> Dielo Trouda </field><field name="title"> Organizational Platform of the General Union of Anarchists (Draft) </field><field name="origyear"> 1926 </field><field name="url"> http://www.anarkism.net/newswire.php?story_id=1000 </field><field name="accessdate"> 2006-10-24 </field><field name="year"> 2006 </field><field name="publisher"> FdCA </field><field name="location"> Italy</field></template>&lt;/ref&gt; was supported by some communist anarchists, though opposed by many others. Platformist groups today include the <link label="Workers Solidarity Movement">Workers Solidarity Movement</link> in Ireland and the <link label="North Eastern Federation of Anarchist Communists">North Eastern Federation of Anarchist Communists</link> of North America.</p>
</section><section depth="2"><title>The fight against fascism</title>
<template head="main"><link label="Anti-fascism">Anti-fascism</link></template><template head="See also"><field>Anarchism in Italy</field><field>Anarchism in France</field><field>Anarchism in Spain</field></template>
<p><img src="CNT-armoured-car-factory.jpg">thumb|Members of the anarchist [[CNT</img> construct <link label="Armoured car">armoured car</link>s in one a <link label="Collectivisation">collectivised</link> factory to fight against the <link label="Fascist">fascist</link>s in <link label="Spain">Spain</link>, 1936.]]
In the 1920s and 1930s, the rise of <link label="Fascism">fascism</link> in Europe transformed anarchism's conflict with the state. Italy saw the first struggles between anarchists and fascists. <link label="Anarchism in Italy">Italian anarchists</link> played a key role in the anti-fascist organisation <i><link label="Arditi del Popolo">Arditi del Popolo</link></i>, which was strongest in areas with anarchist traditions and marked up numerous successful victories, including repelling <link label="Blackshirts">Blackshirts</link> in the anarchist stronghold of Parma in August 1922.<ref>Holbrow, Marnie, <external href="http://www.socialistreview.org.uk/article.php?articlenumber=8205">&quot;Daring but Divided&quot;</external> (<i>Socialist Review</i> November 2002)</ref> In France, where the <link label="Far-right leagues">far-right leagues</link> came close to insurrection in the <link label="February 1934 riots">February 1934 riots</link>, anarchists divided over a '<link label="United Front">United Front</link>' policy.<ref>Berry, David. &quot;Fascism or Revolution&quot;. <i>Le Libertaire</i>. August 1936)</ref> </p>

<p>In Spain, the <link label="CNT">CNT</link> initially refused to join a popular front electoral alliance and abstention by CNT supporters led to a right wing election victory. But in 1936, the CNT changed its policy and anarchist votes helped bring the popular front back to power. Months later, the ruling class responded with an attempted coup, and the <link label="Spanish Civil War">Spanish Civil War</link> (1936-1939) was underway. In response to the army rebellion, an <link label="Anarchism in Spain">anarchist-inspired</link> movement of peasants and workers, supported by armed militias, took control of <link label="Barcelona">Barcelona</link> and of large areas of rural Spain where they <link label="Collectivization">collectivized</link> the land. But even before the eventual fascist victory in 1939, the anarchists were losing ground in a bitter struggle with the <link label="Stalinists">Stalinists</link>, who controlled the distribution of military aid to the Republican cause from <link label="Soviet Russia">Soviet Russia</link>. The CNT leadership often appeared confused and divided, with some members controversially entering the government.<template head="Or"><field name="date">December 2007</field></template> According to <link label="George Orwell">George Orwell</link> and other foreign observers, Stalinist-led troops suppressed the collectives and persecuted both <link label="POUM">dissident Marxists</link> and anarchists.</p>

<p>Since the late 1970s anarchists have been involved in opposing the rise of <link label="Neo-fascism">neo-fascist</link> groups.<template head="Specify"><field name="date">December 2007</field></template> In Germany and the <link label="United Kingdom">United Kingdom</link> anarchists worked within <link label="Militant">militant</link> <link label="Anti-fascism">anti-fascist</link> groups alongside members of the <link label="Marxist">Marxist</link> left.</p>
</section></section><section depth="1"><title>Internal issues and debates</title>
<template head="main"><link label="Issues in anarchism">Issues in anarchism</link></template>
<p><img src="Uroligheder3.jpg">thumb|right|The efficacy and legitimacy of using [[violence</img> to political ends <link label="Anarchism and violence">have been controversial issues amongst anarchists</link>.]]
&lt;!-- In the interest of restricting article length, please limit this section to two or three short paragraphs and add any substantial information to the main Issues in anarchism article. Thank you. --&gt;
Anarchism is a philosophy which embodies many diverse and heterogeneous attitudes, tendencies and schools of thought; as such, disagreement over questions of values, ideology and tactics is common. The compatibility of <link label="Anarchism and capitalism">capitalism</link> (which anarchists usually reject, according to the <i><link label="Oxford Companion to Philosophy">Oxford Companion to Philosophy</link></i>&lt;ref name=oxcom/&gt;), <link label="Anarchism and nationalism">nationalism</link> and <link label="Anarchism and religion">religion</link> with anarchism is widely disputed. Similarly, anarchism enjoys a complex relationship with ideologies such as <link label="Anarchism and Marxism">Marxism</link>, <link label="Issues in anarchism#Communism">communism</link> and <link label="Anarchism and anarcho-capitalism">anarcho-capitalism</link>. Anarchists may be motivated by <link label="Humanism">humanism</link>, <link label="Christian anarchism">divine authority</link>, <link label="Ethical egoism">enlightened self-interest</link> or any number of alternative ethical doctrines.</p>

<p>Phenomena such as <link label="Civilization">civilization</link>, <link label="Technology">technology</link> (e.g. within <link label="Primitivism">primitivism</link> and <link label="Insurrectionary anarchism">insurrectionary anarchism</link>), and <link label="Issues in anarchism#Participation in statist democracy">the democratic process</link> may be sharply criticized within some anarchist tendencies and simultaneously lauded in others. Anarchist attitudes towards <link label="Issues in anarchism#Race">race</link>, <link label="Issues in anarchism#Gender">gender</link> and <link label="Issues in anarchism#The environment">the environment</link> have changed significantly since the modern origin of the philosophy in the eighteenth century.</p>

<p>On a tactical level, while <link label="Propaganda of the deed">propaganda of the deed</link> was a tactic used by anarchists in the 19th century (e.g. the <link label="Nihilist movement">Nihilist movement</link>), contemporary anarchists espouse alternative methods such as <link label="Nonviolence">nonviolence</link>, <link label="Counter-economics">counter-economics</link> and <link label="Crypto-anarchism">anti-state cryptography</link> to bring about an anarchist society. The diversity in anarchism has led to widely different use of identical terms among different anarchist traditions, which has led to many <link label="Definitional concerns in anarchist theory">definitional concerns in anarchist theory</link>.</p>
</section><section depth="1"><title>Notes and references</title>
<template head="Reflist"><field>2</field></template>
</section><section depth="1"><title>Further reading</title>
<template head="see also"><field>Anarcho-capitalist literature</field></template>
<p>* <i>Anarchism. A Documentary History of Libertarian Ideas.</i> <link label="Robert Graham">Robert Graham</link>, editor.
**<i>Volume One: From Anarchy to Anarchism (300CE to 1939)</i> Black Rose Books, Montréal and London 2005. ISBN 1-55164-250-6.
**<i>Volume Two:  The Anarchist Current (1939-2006)</i> Black Rose Books, Montréal 2007. ISBN 9781551643113.
* <i>Anarchism</i>, <link label="George Woodcock">George Woodcock</link> (Penguin Books, 1962) (For many years the classic introduction, until in part superseded by Harper's <i>Anarchy: A Graphic Guide</i><template head="or"><field name="date">January 2008</field></template>)
* <i>Anarchy: A Graphic Guide</i>, <link label="Clifford Harper">Clifford Harper</link> (Camden Press, 1987) (An excellent overview, updating Woodcock's classic, and beautifully illustrated throughout by Harper's woodcut-style artwork<template head="npov-inline"><field name="date">January 2008</field></template>)
* <i>The Anarchist Reader</i>, George Woodcock (Ed.) (Fontana/Collins 1977) (An anthology of writings from anarchist thinkers and activists including <link label="Pierre-Joseph Proudhon">Proudhon</link>, <link label="Peter Kropotkin">Kropotkin</link>, <link label="Mikhail Bakunin">Bakunin</link>, <link label="Murray Bookchin">Bookchin</link>, <link label="Emma Goldman">Goldman</link>, and many others.)
* <i><link label="The Dispossessed">The Dispossessed</link></i>, <link label="Ursula K. Le Guin">Ursula K. Le Guin</link> (a 1974 <link label="Science fiction">science fiction</link> novel that takes place on a planet with an anarchist society; winner of both the <link label="Hugo Award">Hugo</link> and <link label="Nebula Award">Nebula Award</link>s for best novel.)</p>
</section><section depth="1"><title>External links</title>
<template head="external links"></template>
<template head="wiktionary"></template>
<template head="Wikisource category"></template>
<template head="wikiquote"></template>
<template head="Portal"><field>Anarchism</field><field>Anarchy-symbol.svg</field></template><section depth="2"><title>General resources</title>
<p>*<external href="http://www.anarchismtoday.org">AnarchismToday.org</external> An anarchist community site, featuring articles, news, forums, videos, blogs, etc.
* <external href="http://www.infoshop.org/">Infoshop.org</external> - one of the oldest and most popular anarchist news and information sites.
*<template head="sep entry"><field>anarchism</field></template>
* <external href="http://www.infoshop.org/faq/">&quot;An Anarchist FAQ&quot;</external> at <link label="Infoshop.org">Infoshop.org</link>, written from a <link label="Social anarchism">social anarchist</link> perspective
* <external href="http://www.gmu.edu/departments/economics/bcaplan/anarfaq.htm">Anarchist Theory FAQ</external> by <link label="Bryan Caplan">Bryan Caplan</link>, written from a <link label="Market anarchism">market anarchist</link> perspective</p>
</section><section depth="2"><title>Biographical and bibliographical</title>
<p>*<external href="http://recollectionbooks.com/bleed/gallery/galleryindex.htm">Daily Bleed's Anarchist Encyclopedia</external> - 1,700+ entries, with short bios, links &amp; dedicated pages.
* <external href="http://dwardmac.pitzer.edu/Anarchist_Archives/">Anarchy Archives</external> - information relating to famous anarchists. This includes many of their books and other publications.
* <external href="http://www.theyliewedie.org/ressources/biblio/index-en.php">Anarchist virtual library</external> 768 books, booklets and texts about anarchism.
* <external href="http://zinelibrary.net">&quot;Zinelibrary.net&quot;</external> anarchist zines to download, print and distribute</p>
</section><section depth="2"><title>News</title>
<p>* <external href="http://www.ainfos.ca/">A-infos</external> &quot;a multi-lingual news service by, for, and about anarchists&quot;
* <external href="http://www.anarkismo.net">Anarkismo.net</external> - Multilingual anarchist news site run by over a dozen <link label="Platformism">platformist</link> organisations on five continents
* <external href="http://anarchiststrategy.blogspot.com/">Center For Strategic Anarchy</external> - news reports from an anarchist perspective
&lt;!-- Attention! The external link portion of this article regularly grows far beyond manageable size. Please only list an outside link if it applies to anarchism in general and is somewhat noteworthy. Links to lesser known sites or submovements will be routinely moved to the list page to keep this article free of clutter --&gt;
<template head="Ideologies"></template></p>

<p>


</p>

<template head="Link FA"><field>ar</field></template>
<template head="link FA"><field>id</field></template>
<p><link label="Ar:لاسلطوية">ar:لاسلطوية</link>
<link label="An:Anarquismo">an:Anarquismo</link>
<link label="Ast:Anarquismu">ast:Anarquismu</link>
<link label="Zh-min-nan:Hui-thóng-tī-chú-gī">zh-min-nan:Hui-thóng-tī-chú-gī</link>
<link label="Bg:Анархизъм">bg:Анархизъм</link>
<link label="Ca:Anarquisme">ca:Anarquisme</link>
<link label="Cs:Anarchismus">cs:Anarchismus</link>
<link label="Da:Anarkisme">da:Anarkisme</link>
<link label="Pdc:Anarchism">pdc:Anarchism</link>
<link label="De:Anarchismus">de:Anarchismus</link>
<link label="Et:Anarhism">et:Anarhism</link>
<link label="El:Αναρχισμός">el:Αναρχισμός</link>
<link label="Es:Anarquismo">es:Anarquismo</link>
<link label="Eo:Anarkiismo">eo:Anarkiismo</link>
<link label="Eu:Anarkismo">eu:Anarkismo</link>
<link label="Fa:دولت‌زدائی">fa:دولت‌زدائی</link>
<link label="Fo:Anarkisma">fo:Anarkisma</link>
<link label="Fr:Anarchisme">fr:Anarchisme</link>
<link label="Gl:Anarquismo">gl:Anarquismo</link>
<link label="Ko:아나키즘">ko:아나키즘</link>
<link label="Id:Anarkisme">id:Anarkisme</link>
<link label="Is:Stjórnleysisstefna">is:Stjórnleysisstefna</link>
<link label="It:Anarchismo">it:Anarchismo</link>
<link label="He:אנרכיזם">he:אנרכיזם</link>
<link label="Jv:Anarkisme">jv:Anarkisme</link>
<link label="Ka:ანარქიზმი">ka:ანარქიზმი</link>
<link label="Lt:Anarchizmas">lt:Anarchizmas</link>
<link label="Hu:Anarchizmus">hu:Anarchizmus</link>
<link label="Mk:Анархизам">mk:Анархизам</link>
<link label="Ms:Anarkisme">ms:Anarkisme</link>
<link label="Nl:Anarchisme">nl:Anarchisme</link>
<link label="Ja:アナキズム">ja:アナキズム</link>
<link label="No:Anarkisme">no:Anarkisme</link>
<link label="Nn:Anarkisme">nn:Anarkisme</link>
<link label="Pl:Anarchizm">pl:Anarchizm</link>
<link label="Pt:Anarquismo">pt:Anarquismo</link>
<link label="Ro:Anarhism">ro:Anarhism</link>
<link label="Ru:Анархизм">ru:Анархизм</link>
<link label="Sco:Anarchism">sco:Anarchism</link>
<link label="Simple:Anarchism">simple:Anarchism</link>
<link label="Sk:Anarchizmus">sk:Anarchizmus</link>
<link label="Sl:Anarhizem">sl:Anarhizem</link>
<link label="Sr:Анархизам">sr:Анархизам</link>
<link label="Sh:Anarhizam">sh:Anarhizam</link>
<link label="Fi:Anarkismi">fi:Anarkismi</link>
<link label="Sv:Anarkism">sv:Anarkism</link>
<link label="Th:ลัทธิอนาธิปไตย">th:ลัทธิอนาธิปไตย</link>
<link label="Tr:Anarşizm">tr:Anarşizm</link>
<link label="Uk:Анархізм">uk:Анархізм</link>
<link label="Yi:אנארכיזם">yi:אנארכיזם</link>
<link label="Diq:Anarşizm">diq:Anarşizm</link>
<link label="Zh:无政府主义">zh:无政府主义</link></p></section></section></text><catlinks><catlink href="Category:Anarchism"/><catlink href="Category:Political ideologies"/><catlink href="Category:Political philosophies"/><catlink href="Category:Social philosophy"/></catlinks>
    </revision>
  </page>
