<?xml version="1.0"  encoding="UTF-8" ?>
  <page>
    <title>Aristotle</title>
    <id>308</id>
    <revision>
      <id>182380412</id>
      <timestamp>2008-01-05T21:21:39Z</timestamp>
      <contributor>
        <ip>70.238.244.43</ip>
      </contributor>
      <comment>/* Life */</comment>
      <text xml:space="preserve"><template head="Otheruses"></template>
<template head="infobox philosopher"><field name="me"> <template head="polytonic"><field>Ἀριστοτέλης</field></template> <i>Aristotélēs</i>
</field><field name="image_name"> Aristoteles Louvre.jpg
</field><field name="color"> #B0C4DE
</field><field name="region"> Western philosophy
</field><field name="era"> <link label="Ancient philosophy">Ancient philosophy</link> 
</field><field name="name"> Aristotle (<template head="Polytonic"><field>Ἀριστοτέλης</field></template>)
</field><field name="birth"> <link label="384 BC">384 BC</link>
</field><field name="death"> <link label="March 7">March 7</link> <link label="322 BC">322 BC</link>
</field><field name="school_tradition"> Inspired the <link label="Peripatetic">Peripatetic</link> school and tradition of <link label="Aristotelianism">Aristotelianism</link>
</field><field name="main_interests"><link label="Politics">Politics</link>, <link label="Metaphysics">Metaphysics</link>, <link label="Science">Science</link>, <link label="Logic">Logic</link>, <link label="Ethics">Ethics</link>
</field><field name="influences"> <link label="Parmenides">Parmenides</link>, <link label="Socrates">Socrates</link>, <link label="Plato">Plato</link>, <link label="Heraclitus">Heraclitus</link>
</field><field name="influenced"> <link label="Alexander the Great">Alexander the Great</link>, <link label="Al-Farabi">Al-Farabi</link>, <link label="Avicenna">Avicenna</link>, <link label="Averroes">Averroes</link>, <link label="Albertus Magnus">Albertus Magnus</link>, <link label="Copernicus">Copernicus</link>, <link label="Galileo Galilei">Galileo Galilei</link>, <link label="Ptolemy">Ptolemy</link>,  <link label="St. Thomas Aquinas">St. Thomas Aquinas</link>, and most of <link label="Islamic philosophy">Islamic philosophy</link>, <link label="Christian philosophy">Christian philosophy</link>, <link label="Western philosophy">Western philosophy</link> and <link label="Science">Science</link> in general
</field><field name="notable_ideas"> <link label="Golden mean (philosophy)">The Golden mean</link>, <link label="Reason">Reason</link>, <link label="Logic">Logic</link>, <link label="Biology">Biology</link>, Passion

Known for:
Father of classical taxonomy
</field></template>

<summary><p><b>Aristotle</b> (<link label="Greek language">Greek</link>: <template head="polytonic"><field>Ἀριστοτέλης</field></template> <i>Aristotélēs</i>) (384 BC – 322 BC) was a <link label="Greeks">Greek</link> <link label="Philosophy">philosopher</link>, a student of <link label="Plato">Plato</link> and teacher of <link label="Alexander the Great">Alexander the Great</link>.   He wrote on many different subjects, including <link label="Physics">physics</link>, <link label="Metaphysics">metaphysics</link>, <link label="Poetics (Aristotle)">poetry</link>, <link label="Theater">theater</link>, <link label="Logic">logic</link>, <link label="Rhetoric">rhetoric</link>, <link label="Politics">politics</link>, <link label="Government">government</link>, <link label="Ethics">ethics</link>, <link label="Biology">biology</link> and <link label="Zoology">zoology</link>.</p>

<p>Aristotle (together with <link label="Socrates">Socrates</link> and <link label="Plato">Plato</link>) is one of the most important philosophers in Western thought.  He was one of the first to systematize philosophy and science.  His thinking on physics and science had a profound impact on medieval thought, which lasted until the <link label="Renaissance">Renaissance</link>, and the accuracy of some of his biological observations was only confirmed in the last century.  His logical works contain the earliest formal study of <link label="Logic">logic</link> that we have and was not superseded until the late nineteenth century.  In the <link label="Middle Ages">Middle Ages</link>, <link label="Aristotelianism">Aristotelian</link> metaphysics had a profound influence on <link label="Judeo-Islamic philosophies (800 - 1400)">philosophical and theological thinking in the Islamic and Jewish traditions</link>, and on Christian thought, where its legacy is still felt in <link label="Christian theology">Christian theology</link>,  for example in <link label="Eastern Orthodox Christian theology">Orthodox theology</link>, and especially within the <link label="Roman Catholic Church">Catholic</link> tradition shaped by <link label="Scholasticism">scholasticism</link>.  All aspects of Aristotle's philosophy continue to be the object of active academic study today.</p>

<p>Though Aristotle wrote many elegant treatises and dialogues (<link label="Cicero">Cicero</link> described his literary style as &quot;a river of gold&quot;), it is thought that the majority of his writings are now lost. They were lost and rediscovered several times, and it is believed that about one fifth of the original works have survived.</p>
</summary><section depth="1"><title>Life</title>

<p>Aristotle was born in <link label="Stageira">Stageira</link>, <link label="Chalcidice">Chalcidice</link> in 384 BC. His father was the personal physician to <link label="Amyntas III of Macedon">King Amyntas of Macedon</link>. Aristotle was trained and educated as a member of the <link label="Aristocracy">aristocracy</link>. At about the age of eighteen, he went to <link label="Athens">Athens</link> to continue his education at <link label="Platonic Academy">Plato's Academy</link>. Aristotle remained at the academy for nearly twenty years, not leaving until after Plato's death in 347 BC. He then traveled with <link label="Xenocrates">Xenocrates</link> to the court of <link label="Hermias of Atarneus">Hermias of Atarneus</link> in Asia Minor. While in Asia, Aristotle traveled with <link label="Theophrastus">Theophrastus</link> to the island of <link label="Lesbos Island">Lesbos</link>, where together they researched the botany and zoology of the island. Aristotle married Hermias' daughter (or niece) <link label="Pythias">Pythias</link>. She bore him a daughter, whom they named Pythias. Soon after Hermias' death, Aristotle was invited by <link label="Philip II of Macedon">Philip of Macedon</link> to become tutor to <link label="Alexander the Great">Alexander the Great</link>. </p>

<p>After spending several years tutoring the young Alexander, Aristotle returned to Athens. By <link label="335 BC">335 BC</link>, he established his own school there, known as the <link label="Lyceum">Lyceum</link>. Aristotle conducted courses at the school for the next twelve years. While in Athens, his wife Pythias died, and Aristotle became involved with <link label="Herpyllis">Herpyllis</link> of <link label="Stageira">Stageira</link>, who bore him a son whom he named after his father, <link label="Nicomachus (father of Aristotle)">Nicomachus</link>. According to the <link label="Suda">Suda</link>, he also had an <link label="Eromenos">eromenos</link>, <link label="Palaephatus">Palaephatus of Abydus</link>.<ref>William George Smith,<i>Dictionary of Greek and Roman Biography and Mythology</i>, vol. 3, <external href="http://www.ancientlibrary.com/smith-bio/2421.html">p. 88</external></ref></p>

<p>It is during this period in Athens when Aristotle is believed to have composed many of his works. Aristotle wrote many dialogues, only fragments of which survived. The works that have survived are in <link label="Treatise">treatise</link> form and were not, for the most part, intended for widespread publication, as they are generally thought to be lecture aids for his students. His most important treatises include  <i><link label="Physics (Aristotle)">Physics</link></i>, <i><link label="Metaphysics (Aristotle)">Metaphysics</link></i>, <i><link label="Nicomachean Ethics">Nicomachean Ethics</link></i>, <i><link label="Politics (Aristotle)">Politics</link></i>, <i><link label="De Anima">De Anima</link> (On the Soul)</i> and <i><link label="Poetics (Aristotle)">Poetics</link></i>. These works, although connected in many fundamental ways, vary significantly in both style and substance.</p>

<p>Aristotle not only studied almost every subject possible at the time, but made significant contributions to most of them. In physical science, Aristotle studied <link label="Apples">apples</link>, <link label="Astronomy">astronomy</link>, <link label="Economics">economics</link>, <link label="Embryology">embryology</link>, <link label="Geography">geography</link>, <link label="Geology">geology</link>, <link label="Meteorology">meteorology</link>, <link label="Physics">physics</link> and <link label="Zoology">zoology</link>. In philosophy, he wrote on <link label="Aesthetics">aesthetics</link>, <link label="Ethics">ethics</link>, <link label="Government">government</link>, <link label="Metaphysics">metaphysics</link>, <link label="Politics">politics</link>, <link label="Psychology">psychology</link>, <link label="Rhetoric">rhetoric</link> and <link label="Theology">theology</link>. He also studied <link label="Education">education</link>, foreign customs, <link label="Literature">literature</link> and <link label="Poetry">poetry</link>. His combined works constitute a virtual <link label="Encyclopedia">encyclopedia</link> of Greek knowledge.  It has been suggested that Aristotle was likely the last person to know everything there was to be known in his own time.<ref><template head="cite book"><field name="last">Neill
  </field><field name="first">Alex
  </field><field name="authorlink">
  </field><field name="coauthors">Aaron Ridley
  </field><field name="title">The Philosphy of Art: Readings Ancient and Modern 
  </field><field name="publisher">McGraw Hill
  </field><field name="date">1995
  </field><field name="location">
  </field><field name="pages">488
  </field><field name="url">http://www.amazon.com/dp/0070461929/
  </field><field name="doi">
  </field><field name="id">  </field></template></ref></p>

<p>Upon Alexander's death, anti-Macedonian sentiment in Athens once again flared.  <link label="Eurymedon the hierophant">Eurymedon the hierophant</link> denounced Aristotle for not holding the gods in honor. Aristotle fled the city to his mother's family estate in Chalcis, explaining, &quot;I will not allow the Athenians to <link label="Trial of Socrates">sin twice against philosophy</link>.&quot;<ref><template head="cite book"><field name="last">Jones
  </field><field name="first">W.T.
  </field><field name="authorlink">
  </field><field name="coauthors">
  </field><field name="title">The Classical Mind: A History of Western Philosophy
  </field><field name="publisher">Harcourt Brace Jovanovich
  </field><field name="date">1980
  </field><field name="location">
  </field><field name="pages">216
  </field><field name="url">http://www.amazon.com/dp/0155383124/
  </field><field name="doi">
  </field><field name="id">  </field></template>, cf. <i>Vita Marciana</i> 41.</ref>  However, he died in Euboea of natural causes within the year (in 323 BC). Aristotle left a <link label="Will (law)">will</link> and named chief executor his student <link label="Antipater">Antipater</link>, in which he asked to be buried next to his wife.<ref>Aufstieg und Niedergang der römischen Welt by Hildegard Temporini,Wolfgang 
Haase<external href="http://books.google.com/books?id=ifqGuiHo6eQC&amp;pg=PA3862&amp;dq=Antipater+Aristotle+will&amp;sig=sQzQVBdRmk-spNdZnyd1MwzAPTc">Aristotle's Will</external></ref></p>
</section><section depth="1"><title>Logic</title>
<template head="main"><link label="Term logic">Term logic</link></template>
<template head="details"><field>Non-Aristotelian logic</field></template>

<p>Aristotle's conception of logic was the dominant form of logic until 19th century advances in <link label="Mathematical logic">mathematical logic</link>.  <link label="Kant">Kant</link> stated in the <i>Critique of Pure Reason</i> that Aristotle's theory of logic completely accounted for the core of deductive inference.</p>
<section depth="2"><title>History</title>
<p>Aristotle &quot;says that 'on the subject of reasoning' he 'had nothing else on an earlier date to speak of'&quot;.<ref><template head="cite book"><field name="last">Bocheński
  </field><field name="first">I. M.
  </field><field name="authorlink">
  </field><field name="coauthors">
  </field><field name="title">Ancient Formal Logic
  </field><field name="publisher">North-Holland Publishing Company
  </field><field name="date">1951
  </field><field name="location">Amsterdam
  </field><field name="pages">
  </field><field name="url">
  </field><field name="doi">
  </field><field name="id">  </field></template></ref> However, Plato reports that <link label="Syntax">syntax</link> was devised before him, by <link label="Prodikos of Keos">Prodikos of Keos</link>, who was concerned by the correct use of words. Logic seems to have emerged from <link label="Dialectics">dialectics</link>; the earlier philosophers made frequent use of concepts like <i><link label="Reductio ad absurdum">reductio ad absurdum</link></i> in their discussions, but never truly understood the logical implications. Even Plato had difficulties with logic; although he had a reasonable conception of a <link label="Deduction">deduction</link> system, he could never actually construct one and relied instead on his <link label="Dialectic">dialectic</link>, which confused science with methodology.<ref>Bocheński, 1951.</ref> Plato believed that deduction would simply follow from <link label="Premise">premise</link>s, hence he focused on maintaining solid premises so that the <link label="Conclusion">conclusion</link> would logically follow. Consequently, Plato realized that a method for obtaining conclusions would be most beneficial. He never succeeded in devising such a method, but his best attempt was published in his book <i><link label="Sophist (dialogue)">Sophist</link></i>, where he introduced his division method.<ref><template head="cite book"><field name="last">Rose
  </field><field name="first">Lynn E.
  </field><field name="authorlink">
  </field><field name="coauthors">
  </field><field name="title">Aristotle's Syllogistic
  </field><field name="publisher">Charles C Thomas Publisher
  </field><field name="date">1968
  </field><field name="location">Springfield
  </field><field name="pages">
  </field><field name="url">
  </field><field name="doi">
  </field><field name="id">  </field></template></ref></p>
</section><section depth="2"><title>Analytics and the ''Organon''</title>
<template head="main"><link label="Organon">Organon</link></template>
<p>What we today call <i>Aristotelian logic</i>, Aristotle himself would have labeled &quot;analytics&quot;. The term &quot;logic&quot; he reserved to mean <i>dialectics</i>. Most of Aristotle's work is probably not in its original form, since it was most likely edited by students and later lecturers. The logical works of Aristotle were compiled into six books in about the early 1st century AD:
#<i>Categories</i>
#<i>On Interpretation</i>
#<i>Prior Analytics</i>
#<i>Posterior Analytics</i>
#<i>Topics</i>
#<i>On Sophistical Refutations</i></p>

<p>The order of the books (or the teachings from which they are composed) is not certain, but this list was derived from analysis of Aristotle's writings. It goes from the basics, the analysis of simple terms in the Categories, to the study of more complex forms, namely, syllogisms (in the Analytics) and dialectics (in the Topics and Sophistical Refutations). There is one volume of Aristotle's concerning logic not found in the <i>Organon</i>, namely the fourth book of <i>Metaphysics.</i>.<ref>Bocheński, 1951.</ref></p>
</section><section depth="2"><title>Modal logic</title>
<p>Aristotle is also the creator of syllogisms with modalities (<link label="Modal logic">modal logic</link>). The word modal refers to the word 'modes', explaining the fact that modal logic deals with the modes of truth. Aristotle introduced the qualification of 'necessary' and 'possible' premises.</p>
</section></section><section depth="1"><title>Aristotle's scientific method</title>
<p><img src="Sanzio 01 Plato Aristotle.jpg">thumb|right|[[Plato</img> (left) and Aristotle (right), a detail of <i><link label="The School of Athens">The School of Athens</link></i>&lt;!-- this should link to an article about the famous artwork --&gt;, a fresco by <link label="Raphael">Raphael</link>. Aristotle gestures to the earth, representing his belief in knowledge through empirical observation and experience, while holding a copy of his <i><link label="Nicomachean Ethics">Nicomachean Ethics</link></i> in his hand, whilst Plato gestures to the heavens, representing his belief in <link label="The Forms">The Forms</link>.]]</p>

<template head="details"><field>Aristotle's theory of universals</field></template>

<p>Aristotle defines his  &quot;idea&quot; referring to the unconditional basis of <link label="Phenomena">phenomena</link>. Both student and master regard philosophy as <link label="Universality (philosophy)">universal</link>; Aristotle, however, found the universal in <link label="Particular">particular</link> things, which he called the essence of things, while Plato finds that the universal exists apart from particular things, and is related to them as their <link label="Prototype">prototype</link> or <link label="Exemplar">exemplar</link>. For Aristotle, therefore, philosophic method implies the ascent from the study of particular phenomena to the knowledge of essences, while for Plato philosophic method means the descent from a knowledge of universal ideas to a contemplation of particular imitations of those ideas. In a certain sense, Aristotle's method is both <link label="Inductive reasoning">inductive</link> and <link label="Deductive reasoning">deductive</link>, while Plato's is essentially deductive from <i><link label="A priori and a posteriori (philosophy)">a priori</link></i> principles.<ref><template head="cite book"><field name="last">Jori
  </field><field name="first">Alberto
  </field><field name="authorlink">
  </field><field name="coauthors">
  </field><field name="title">Aristotele
  </field><field name="publisher">Bruno Mondadori Editore
  </field><field name="date">2003
  </field><field name="location">Milano
  </field><field name="pages">
  </field><field name="url">
  </field><field name="doi">
  </field><field name="id">  </field></template></ref></p>

<p>In Aristotle's terminology, &quot;natural philosophy&quot; is a branch of philosophy examining the phenomena of the natural world, and included fields that would be regarded today as <link label="Physics">physics</link>, <link label="Biology">biology</link> and other <link label="Natural science">natural science</link>s. In modern times, the scope of <i>philosophy</i> has become limited to more generic or abstract inquiries, such as ethics and metaphysics, in which logic plays a major role. Today's philosophy tends to exclude empirical study of the natural world by means of the <link label="Scientific method">scientific method</link>. In contrast, Aristotle's philosophical endeavors encompassed virtually all facets of intellectual inquiry.</p>

<p>In the larger sense of the word, Aristotle makes philosophy coextensive with <link label="Reasoning">reasoning</link>, which he also would describe as &quot;science&quot;. Note, however, that his use of the term <i>science</i> carries a different meaning than that covered by the term &quot;<link label="Scientific method">scientific method</link>&quot;. For Aristotle, &quot;all science (<i>dianoia</i>) is either practical, poetical or theoretical&quot; (<i>Metaphysics</i> 1025b25). By practical science, he means ethics and politics; by poetical science, he means the study of poetry and the other fine arts; by theoretical science, he means physics, <link label="Mathematics">mathematics</link> and metaphysics.</p>

<p>If logic (or &quot;analytics&quot;) is regarded as a study preliminary to philosophy, the divisions of Aristotelian philosophy would consist of: (1) <link label="Logic">Logic</link>; (2) Theoretical Philosophy, including <link label="Metaphysics">Metaphysics</link>, <link label="Physics">Physics</link>, <link label="Mathematics">Mathematics</link>, (3) Practical Philosophy and (4) Poetical Philosophy.</p>

<p>In the period between his two stays in Athens, between his times at the Academy and the Lyceum, Aristotle conducted most of the scientific thinking and research for which he is renowned today. In fact, most of Aristotle's life was devoted to the study of the objects of natural science. Aristotle’s metaphysics contains observations on the nature of numbers but he made no original contributions to mathematics. He did, however, perform original research in the natural sciences, e.g., botany, zoology, physics, astronomy, chemistry, meteorology, and several other sciences. </p>

<p>Aristotle's writings on science are largely qualitative, as opposed to quantitative. Beginning in the sixteenth century, scientists began applying mathematics to the physical sciences, and Aristotle's work in this area was deemed hopelessly inadequate. His failings were largely due to the absence of concepts like mass, velocity, force and temperature. He had a conception of speed and temperature, but no quantitative understanding of them, which was partly due to the absence of basic experimental devices, like clocks and thermometers.</p>

<p>His writings provide an account of many scientific observations, but there are some curious errors. For example, in his <i><link label="History of Animals">History of Animals</link></i> he claimed that human males have more teeth than females. In a similar vein, <link label="John Philoponus">John Philoponus</link>, and later <link label="Galileo Galilei">Galileo</link>, showed by simple experiments that Aristotle's theory that the more massive object falls faster than a less massive object is incorrect.<ref><external href="http://plato.stanford.edu/entries/philoponus/#2.2"> Stanford Encyclopedia of Philosophy</external></ref>  Additionally, Aristotle refuted <link label="Democritus">Democritus</link>'s claim that the <link label="Milky Way">Milky Way</link> was made up of a multitude of stars.<template head="Fact"><field name="date">June 2007</field></template>  He also disputed the claim that the <link label="Stars">stars</link> visible in the night sky were just like the Earth's Sun; he calculated that they would have to be millions of times farther away from the Earth than the Sun, and thus these claims were dismissed for hundreds of years.<template head="Fact"><field name="date">June 2007</field></template></p>

<p>In places, Aristotle goes too far in deriving 'laws of the universe' from simple observation and over-stretched <link label="Reason">reason</link>. Today's <link label="Scientific method">scientific method</link> assumes that such thinking without sufficient facts is ineffective, and that discerning the validity of one's hypothesis requires far more rigorous experimentation than that which Aristotle used to support his laws.</p>

<p>Aristotle also had some scientific blind spots, the largest being his inability to see the application of mathematics to physics. Aristotle held that physics was about changing objects with a reality of their own, whereas mathematics was about unchanging objects without a reality of their own. In this philosophy, he could not imagine that there was a relationship between them. He also posited a flawed cosmology that we may discern in selections of the <i>Metaphysics</i>, which was widely accepted up until the 1500s. From the 3rd century to the 1500s, the dominant view held that the Earth was the center of the universe (<link label="Geocentrism">geocentrism</link>). This scientific concept, as proposed by Aristotle and Plato was later adopted as dogma by the Roman Catholic Church because it placed mankind at the center of the universe, and scientists who disagreed, such as <link label="Galileo Galilei">Galileo</link>, were considered heretics. This erroneous concept was eventually rejected.</p>

<p>Since he was perhaps the philosopher most respected by European thinkers during and after the Renaissance, these thinkers often took Aristotle's erroneous positions as given, which held back science in this epoch.<ref><link label="John Burnet (classicist)">Burent, John.</link> 1928. <i>Platonism</i>, Berkeley: University of California Press, pp. 61, 103-104.</ref>  However, Aristotle's scientific shortcomings should not mislead one into forgetting his great advances in the many scientific fields. For instance, he founded logic as a formal science and created foundations to biology that were not superseded (in the West) for two millennia. Moreover, he introduced the fundamental notion that nature is composed of things that change and that studying such changes can provide useful knowledge of underlying constants. This made the study of physics, and all other sciences, respectable. In actuality, however, this observation transcends physics into metaphysics.</p>
</section><section depth="1"><title>Physics</title>
<template head="main"><link label="Physics (Aristotle)">Physics (Aristotle)</link></template><section depth="2"><title>The five elements</title>
<template head="main"><link label="Classical element">Classical element</link></template>
<p>*<link label="Fire (classical element)">Fire</link>, which is hot and dry.
*<link label="Earth (classical element)">Earth</link>, which is cold and dry.
*<link label="Air (classical element)">Air</link>, which is hot and wet.
*<link label="Water (classical element)">Water</link>, which is cold and wet.
*<link label="Aether (classical element)">Aether</link>, which is the divine substance that makes up the heavenly spheres and heavenly bodies (stars and planets).</p>

<p>Each of the four earthly elements has its natural place; the earth at the centre of the universe, then water, then air, then fire. When they are out of their natural place they have natural motion, requiring no external cause, which is towards that place; so bodies sink in water, air bubbles up, rain falls, flame rises in air. The heavenly element has perpetual circular motion.</p>
</section><section depth="2"><title>Causality, The Four Causes</title><p>&lt;!-- This section is linked from <link label="Retrocausality">Retrocausality</link>. See <link label="WP:MOS#Section management">WP:MOS#Section management</link> --&gt;
The <link label="Material cause">material cause</link> is that from which a thing comes into existence as from its parts, constituents, substratum or materials. This reduces the explanation of causes to the parts (factors, elements, constituents, ingredients) forming the whole (system, structure, compound, complex, composite, or combination), a relationship known as the part-whole causation. 
The <link label="Formal cause">formal cause</link> tells us what a thing is, that any thing is determined by the definition, form, pattern, essence, whole, synthesis or archetype. It embraces the account of causes in terms of fundamental principles or general laws, as the whole (i.e., macrostructure) is the cause of its parts, a relationship known as the whole-part causation.   
The <link label="Efficient cause">efficient cause</link> is that from which the change or the ending of the change first starts. It identifies 'what makes of what is made and what causes change of what is changed' and so suggests all sorts of agents, nonliving or living, acting as the sources of change or movement or rest. Representing the current understanding of causality as the relation of cause and effect, this covers the modern definitions of &quot;cause&quot; as either the agent or agency or particular events or states of affairs. The <link label="Final cause">final cause</link> is that for the sake of which a thing exists or is done, including both purposeful and instrumental actions and activities. The final cause or telos is the purpose or end that something is supposed to serve, or it is that from which and that to which the change is. This also covers modern ideas of mental causation involving such psychological causes as volition, need, motivation, or motives, rational, irrational, ethical, all that gives purpose to behavior.  
Additionally, things can be causes of one another, causing each other reciprocally, as hard work causes fitness and vice versa, although not in the same way or function, the one is as the beginning of change, the other as the goal. (Thus Aristotle first suggested a reciprocal or circular causality as a relation of mutual dependence or influence of cause upon effect). Moreover, Aristotle indicated that the same thing can be the cause of contrary effects; its presence and absence may result in different outcomes.</p>

<p>Aristotle marked two modes of causation: proper (prior) causation and accidental (chance) causation. All causes, proper and incidental, can be spoken as potential or as actual, particular or generic. The same language refers to the effects of causes, so that generic effects assigned to generic causes, particular effects to particular causes, operating causes to actual effects. Essentially, causality does not suggest a temporal relation between the cause and the effect.</p>

<p>All further investigations of causality will consist of imposing the favorite hierarchies on the order causes, such as final &gt; efficient &gt; material &gt; formal (<link label="Thomas Aquinas">Thomas Aquinas</link>), or of restricting all causality to the material and efficient causes or to the efficient causality (deterministic or chance) or just to regular sequences and correlations of natural phenomena (the natural sciences describing how things happen instead of explaining the whys and wherefores).</p>
</section><section depth="2"><title>Chance and spontaneity</title>
<p>Spontaneity and chance are causes of effects. Chance as an incidental cause lies in the realm of accidental things. It is &quot;from what is spontaneous&quot; (but note that what is spontaneous does not come from chance). For a better understanding of Aristotle's conception of &quot;chance&quot; it might be better to think of &quot;coincidence&quot;: Something takes place by chance if a person sets out with the intent of having one thing take place, but with the result of another thing (not intended) taking place. For example: A person seeks donations. That person may find another person willing to donate a substantial sum. However, if the person seeking the donations met the person donating, not for the purpose of collecting donations, but for some other purpose, Aristotle would call the collecting of the donation by that particular donator a result of chance. It must be unusual that something happens by chance. In other words, if something happens all or most of the time, we cannot say that it is by chance.</p>

<p>There is also more specific kind of chance, which Aristotle names &quot;luck&quot;, that can only apply to human beings, since it is in the sphere of moral actions. According to Aristotle, luck must involve choice (and thus deliberation), and only humans are capable of deliberation and choice. &quot;What is not capable of action cannot do anything by chance&quot;.<ref>Aristotle, <i>Physics</i> 2.6</ref></p>
</section></section><section depth="1"><title>Metaphysics</title>
<template head="main"><link label="Metaphysics (Aristotle)">Metaphysics (Aristotle)</link></template>
<p>Aristotle defines metaphysics as &quot;the knowledge of <link label="Immaterial">immaterial</link> being,&quot; or of &quot;being in the highest degree of abstraction.&quot;  He refers to metaphysics as &quot;first philosophy&quot;, as well as &quot;the theologic science.&quot;</p>
<section depth="2"><title>Substance, potentiality and actuality</title>
<p>Aristotle examines the concept of substance (<i><link label="Ousia">ousia</link></i>) in his <i><link label="Metaphysics (Aristotle)">Metaphysics</link></i>, Book VII and he concludes that a particular <b>substance</b> is a combination of both <b>matter</b> and <b>form</b>. As he proceeds to the book VIII, he concludes that the matter of the substance is the <link label="Substratum">substratum</link> or the stuff of which it is composed <i>e.g.</i> the matter of the house are the bricks, stones, timbers etc., or whatever constitutes the <i>potential</i> house. While the form of the substance, is the <i>actual</i> house, namely ‘covering for bodies and chattels’ or any other <link label="Genus-differentia definition">differentia</link> (see also <link label="Predicables">predicables</link>). The formula that gives the components is the account of the matter, and the formula that gives the differentia is the account of the form.<ref>Aristotle, <i>Metaphysics</i> VIII 1043a 10-30</ref></p>

<p>With regard to the change (<i>kinesis</i>) and its causes now, as he defines in his <link label="Physics (Aristotle)">Physics</link> and <link label="On Generation and Corruption">On Generation and Corruption</link> 319b-320a, he distinguishes the coming to be from 
1. growth and diminution, which is change in quantity 
2. locomotion, which is change in space and 
3. alteration, which is change in quality. 
The coming to be is a change where nothing persists of which the resultant is a property. In that particular change he introduces the concept of <link label="Potentiality and actuality (Aristotle)">potentiality</link> (<i>dynamis</i>) and <link label="Potentiality and actuality (Aristotle)">actuality</link> (<i>entelecheia</i>) in association with the matter and the form.</p>

<p>Referring to potentiality, this is what a thing is capable of doing, or being acted upon, if it is not prevented by something else. For example, the seed of a plant in the soil is potentially (<i>dynamei</i>) plant, and if is not prevented by something, it will become a plant. Potentially beings can either 'act' (<i>poiein</i>) or 'be acted upon' (<i>paschein</i>), which can be either innate or learned. For example, the eyes possess the potentiality of sight (innate - being acted upon), while the capability of playing the flute can be possessed by learning (exercise - acting). </p>

<p>Actuality is the fulfillment of the <b>end</b> of the potentiality. Because the <b>end</b> (<i>telos</i>) is the principle of every change, and for the sake of the end exists potentiality, therefore actuality is the end. Referring then to our previous example, we could say that actuality is when the seed of the plant becomes a plant. 
 
“ For that for the sake of which a thing is, is its principle, and the becoming is for the sake of the end; and the actuality is the end, and it is for the sake of this that the potentiality is acquired. For animals do not see in order that they may have sight, but they have sight that they may see.”<ref>Aristotle, <i>Metaphysics</i> IX 1050a 5-10</ref></p>

<p>In conclusion, the <b>matter</b> of the house is its <b>potentiality</b> and the <b>form</b> is its <b>actuality</b>. The <link label="Formal cause">formal cause</link> (<i>aitia</i>) then of that change from potential to actual house, is the <link label="Reason">reason</link> (<i>logos</i>) of the house builder and the <link label="Final cause">final cause</link> is the end, namely the house itself. Then Aristotle proceeds and concludes that the actuality is prior to potentiality in formula, in time and in substantiality. </p>

<p>With this <link label="Definition">definition</link> of the <link label="Particular">particular</link> substance (i.e., <b>matter and form</b>), Aristotle tries to solve the problem of the unity of the beings, <i>e.g.</i>, what is that makes the man one? Since, according to <link label="Plato">Plato</link> there are two Ideas: animal and biped, how then is man a unity? However, according to Aristotle, the potential being (matter) and the actual one (form) are one and the same thing.<ref>Aristotle, <i>Metaphysics</i> VIII 1045a-b</ref></p>
</section><section depth="2"><title>Universals and particulars</title>
<template head="main"><link label="Aristotle's theory of universals">Aristotle's theory of universals</link></template>

<p>Aristotle's predecessor, Plato, argued that all things have a universal form, which could be either a property, or a relation to other things. When we look at an apple, for example, we see an apple, and we also analyze a form of an apple. In this distinction, there is a particular apple and a universal form of an apple. Moreover, we can place an apple next to a book, so that we can speak of both the book and apple as being next to each other.</p>

<p>Plato argued that there are some universal forms that are not a part of particular things. For example, it is possible that there is no particular good in existence, but &quot;good&quot; is still a proper universal form. <link label="Bertrand Russell">Bertrand Russell</link> is a contemporary philosopher that agreed with Plato on the existence of &quot;uninstantiated universals&quot;.</p>

<p>Aristotle disagreed with Plato on this point, arguing that all universals are &quot;instantiated&quot;. Aristotle argued that there are no universals that are unattached to existing things. According to Aristotle, if a universal exists, either as a particular or a relation, then there must have been, must be currently, or must be in the future, something on which the universal can be predicated. Consequently, according to Aristotle, if it is not the case that some universal can be predicated to an object that exists at some period of time, then it does not exist.</p>

<p>One way for contemporary philosophers to justify this position is by asserting the <link label="Eleatic principle">eleatic principle</link>.</p>

<p>In addition, Aristotle disagreed with Plato about the location of universals. As Plato spoke of the world of the forms, a location where all universal forms subsist, Aristotle maintained that universals exist within each thing on which each universal is predicated. So, according to Aristotle, the form of apple exists within each apple, rather than in the world of the forms.</p>
</section></section><section depth="1"><title>Biology and medicine</title><section depth="2"><title>Empirical research program</title>
<p>Aristotle is the earliest natural historian whose work has survived in some detail. Aristotle did his research on natural history on the isle of <link label="Lesbos">Lesbos</link>. The works that reflect this research, including <i><link label="History of Animals">History of Animals</link></i>, <i><link label="Generation of Animals">Generation of Animals</link></i>, and <i><link label="Parts of Animals">Parts of Animals</link></i>, contain some remarkable observations and interpretations by Aristotle, along with sundry myths and mistakes reflecting the uneven state of knowledge of his time. The most striking passages are about the sea-life visible from observation on Lesbos and available from the catches of fishermen. His observations on catfish, <link label="Electric ray">electric fish</link> (<link label="Torpedo (genus)">Torpedo</link>) and angler-fish are exceptional, as is his writing on <link label="Cephalopod">cephalopod</link>s, <link label="Molluscs">molluscs</link>, <link label="Octopus">octopus</link>, sepia (<link label="Cuttlefish">cuttlefish</link>) and the paper nautilus (<link label="Argonauta argo">Argonauta argo</link>). His description of the hectocotyl arm (see <link label="Cephalopod">cephalopod</link>) was about two thousand years ahead of its time, and widely disbelieved until its rediscovery in the nineteenth century. He separated the aquatic mammals from fish, and knew that sharks and rays were part of the group he called Selachē (<link label="Selachians">selachians</link>).<ref>Singer, Charles. <i>A short history of biology</i>. Oxford 1931.</ref>  He gave accurate descriptions of <link label="Ruminant">ruminant</link>s' four-chambered fore-stomachs, and of the unusual mammal-like embryological development of the <link label="Hound sharks">hound shark</link> <link label="Mustelus laevis">Mustelus laevis</link>.<ref>Emily Kearns, &quot;Animals, knowledge about,&quot; in <i><link label="Oxford Classical Dictionary">Oxford Classical Dictionary</link></i>, 3rd ed., 1996, p. 92.</ref></p>
</section><section depth="2"><title>Theory of biological being</title>
<p>However, for <link label="Charles Singer">Charles Singer</link>, &quot;Nothing is more remarkable than [Aristotle's] efforts to [exhibit] the relationships of living things as a <i>scala naturae</i>&quot;<ref>Singer, Charles. <i>A short history of biology</i>. Oxford 1931.</ref> Aristotle's <i>History of Animals</i> classified organisms in relation to a hierarchical &quot;<link label="Great chain of being">Ladder of Life</link>&quot; (<i>scala naturae</i>), placing them according to complexity of structure and function so that higher organisms showed greater vitality and ability to move.<ref>Aristotle, of course, is not responsible for the later use made of this idea by clerics.</ref></p>

<p>Aristotle believed that intellectual purposes, i.e., <link label="Formal cause">formal cause</link>s, guided all natural processes. Such a <link label="Teleological">teleological</link> view gave Aristotle cause to justify his observed data as an expression of formal design. Noting that &quot;no animal has, at the same time, both tusks and horns,&quot; and &quot;a single-hooved animal with two horns I have never seen,&quot; Aristotle suggested that Nature, giving no animal both horns and tusks, was staving off vanity, and giving creatures faculties only to such a degree as they are necessary. Noting that ruminants had a multiple stomachs and weak teeth, he supposed the first was to compensate for the latter, with Nature trying to preserve type of balance.<ref>Mason, <i>A History of the Sciences</i> pp 43-44</ref> </p>

<p>In a similar fashion, Aristotle believed that creatures were arranged in a graded scale of perfection rising from plants on up to man, the <i>scala naturae</i> or <link label="Great Chain of Being">Great Chain of Being</link>.<ref>Mayr, <i>The Growth of Biological Thought</i>, pp 201-202; see also: Lovejoy, <i>The Great Chain of Being</i></ref> His system had eleven grades, arranged according &quot;to the degree to which they are infected with potentiality&quot;, expressed in their form at birth. The highest animals laid warm and wet creatures alive, the lowest bore theirs cold, dry, and in thick eggs. </p>

<p>Aristotle also held that the level of a creature's perfection was reflected in its form, but not foreordained by that form. </p>

<p>He placed great importance on the type(s) of soul an organism possessed, asserting that plants possess a vegetative soul, responsible for reproduction and growth, animals a vegetative and a sensitive soul, responsible for mobility and sensation, and humans a vegetative, a sensitive, and a rational soul, capable of thought and reflection.<ref> Aristotle, <i>De Anima</i> II 3 </ref> </p>

<p>Aristotle, in contrast to earlier philosophers, but in accordance with the Egyptians, placed the rational soul in the heart, rather than the brain.<ref> Mason, <i>A History of the Sciences</i> pp 45 </ref> Notable is Aristotle's division of sensation and thought, which generally went against previous philosophers, with the exception of <link label="Alcmaeon">Alcmaeon</link>.<ref> Guthrie, <i>A History of Greek Philosophy</i> Vol. 1 pp. 348 </ref></p>

<p>His analysis of procreation is frequently criticized on the grounds that it presupposes an active, ensouling masculine element bringing life to an inert, passive, lumpen female element; it is on these grounds that Aristotle is considered by some feminist critics to have been a <link label="Misogyny">misogynist</link>.<ref><template head="cite book"><field name="last">Harding
  </field><field name="first">Sandra
  </field><field name="authorlink">
  </field><field name="coauthors">Merrill B. Hintikka 
  </field><field name="title">Discovering Reality,: Feminist Perspectives on Epistemology, Metaphysics, Methodology, and Philosophy of Science 
  </field><field name="publisher">Springer
  </field><field name="date">31 December 1999
  </field><field name="location">
  </field><field name="pages">372
  </field><field name="url">http://www.amazon.com/gp/reader/9027714967/
  </field><field name="doi">
  </field><field name="id">  </field></template></ref></p>
</section><section depth="2"><title>Aristotle's successor: Theophrastus</title>
<p><img src="161Theophrastus 161 frontespizio.jpg">thumb|200px|right|Frontispiece to a 1644 version of the expanded and illustrated edition of ''[[Historia Plantarum</img><i> (ca. 1200), which was originally written around 200 BC]]
<template head="main"><link label="Theophrastus">Historia Plantarum</link></template>
Aristotle's successor at the <link label="Lyceum">Lyceum</link>, <link label="Theophrastus">Theophrastus</link>, wrote a series of books on botany&amp;mdash;the </i><link label="Historia Plantarum">History of Plants</link><i>&amp;mdash;which survived as the most important contribution of antiquity to botany, even into the <link label="Middle Ages">Middle Ages</link>. Many of Theophrastus' names survive into modern times, such as </i>carpos<i> for fruit, and </i>pericarpion<i> for seed vessel. </i></p>

<p>Rather than focus on formal causes, as Aristotle did, Theophrastus suggested a mechanistic scheme, drawing analogies between natural and artificial processes, and relying on Aristotle's concept of the <link label="Efficient cause">efficient cause</link>. Theophrastus also recognized the role of sex in the reproduction of some higher plants, though this last discovery was lost in later ages.<ref>Mayr, <i>The Growth of Biological Thought</i>, pp 90-91; Mason, <i>A History of the Sciences</i>, p 46 </ref></p>
</section><section depth="2"><title>The effect of Aristotle on Hellenistic medicine</title>
<template head="details"><field>Medicine in ancient Greece</field></template>
<p>Following Theophrastus, the Lyceum failed to produce any original work. Though interest in Aristotle's ideas survived, they were generally taken unquestioningly.<ref> Annas, <i>Classical Greek Philosophy</i> pp 252 </ref> It is not until the age of <link label="Alexandria">Alexandria</link> under the <link label="Ptolemaic dynasty">Ptolemies</link> that advances in biology can be again found.           </p>

<p>The first medical teacher at Alexandria <link label="Herophilos">Herophilus of Chalcedon</link>, corrected Aristotle, placing intelligence in the brain, and connected the nervous system to motion and sensation. Herophilus also distinguished between <link label="Vein">vein</link>s and <link label="Artery">arteries</link>, noting that the latter <link label="Pulse">pulse</link> while the former do not.<ref> Mason, <i>A History of the Sciences</i> pp 56 </ref> Though a few ancient <link label="Atomism">atomists</link> such as <link label="Lucretius">Lucretius</link> challenged the <link label="Teleology">teleological</link> viewpoint of Aristotelian ideas about life, teleology (and after the rise of Christianity, <link label="Natural theology">natural theology</link>) would remain central to biological thought essentially until the 18th and 19th centuries. In the words of <link label="Ernst Mayr">Ernst Mayr</link>, &quot;Nothing of any real consequence in biology after Lucretius and Galen until the Renaissance.&quot;<ref>Mayr, <i>The Growth of Biological Thought</i>, pp 90-94; quotation from p 91</ref> Aristotle's ideas of natural history and medicine survived, but they were generally taken unquestioningly.<ref>Annas, <i>Classical Greek Philosophy</i>, p 252 </ref></p>
</section></section><section depth="1"><title>Practical Philosophy</title><section depth="2"><title>Ethics</title>
<template head="main"><link label="Aristotelian ethics">Aristotelian ethics</link></template>

<p>Aristotle considered <link label="Ethics">ethics</link> to be a practical science, i.e., one mastered by doing rather than merely reasoning. Further, Aristotle believed that ethical knowledge is not certain knowledge (like <link label="Metaphysics">metaphysics</link> and <link label="Epistemology">epistemology</link>) but is general knowledge. He wrote several treatises on ethics, including most notably, <i><link label="Nichomachean Ethics">Nichomachean Ethics</link></i>, in which he outlines what is commonly called <link label="Virtue ethics">virtue ethics</link>.</p>

<p>Aristotle taught that virtue has to do with the proper function of a thing. An eye is only a good eye in so much as it can see, because the proper function of an eye is sight. Aristotle reasoned that man must have a function uncommon to anything else, and that this function must be an activity of the soul. Aristotle identified the best activity of the soul as <link label="Eudaimonia">eudaimonia</link>: a happiness or joy that pervades the good life. Aristotle taught that to achieve the good life, one must live a balanced life and avoid excess. This balance, he taught, varies among different persons and situations, and exists as a <link label="Golden mean (philosophy)">golden mean</link> between two vices - one an excess and one a deficiency.</p>
</section><section depth="2"><title>Politics</title>
<template head="main"><link label="Politics (Aristotle)">Politics (Aristotle)</link></template>
<p>In addition to his works on ethics, which address the individual, Aristotle addressed the city in his work titled <i><link label="Politics (Aristotle)">Politics</link></i>. Aristotle's conception of the city is very organic, and he is considered one of the first to conceive of the city in this manner.<ref><template head="cite book"><field name="last">Ebenstein
  </field><field name="first">Alan
  </field><field name="authorlink">
  </field><field name="coauthors">William Ebenstein
  </field><field name="title">Introduction to Political Thinkers
  </field><field name="publisher">Wadsworth Group
  </field><field name="date">2002
  </field><field name="location">
  </field><field name="pages">59
  </field><field name="url">
  </field><field name="doi">
  </field><field name="id">  </field></template></ref>  Aristotle considered the city to be a natural community. Moreover, he considered the city to be prior to the <link label="Family">family</link> which in turn is prior to the individual, i.e., last in the order of becoming, but first in the order of being (1253a19-24). He is also famous for his statement that &quot;man is by nature a political animal.&quot; Aristotle conceived of politics as being more like an <link label="Organism">organism</link>, rather than a <link label="Machine">machine</link>, and as a collection of parts that cannot exist without the other. Some have criticised Aristotle's political theory on the grounds that his idea of the natural slave was used by thinkers such as <link label="Juan Gines de Sepulveda">Juan Gines de Sepulveda</link> to justify European domination of the American Indians.<template head="Fact"><field name="date">June 2007</field></template></p>

<p>It should be noted that the modern understanding of a political community is that of the <link label="State">state</link>. However, the state was foreign to Aristotle. He referred to political communities as cities. Aristotle understood a city as a political &quot;partnership&quot; (1252a1) and not one of a <link label="Social contract">social contract</link> (or compact) or a political community as understood by <link label="Niccolò Machiavelli">Niccolò Machiavelli</link>. Subsequently, a city is created not to avoid injustice or for economic stability (1280b29-31), but rather to live a good life: &quot;The political partnership must be regarded, therefore, as being for the sake of noble actions, not for the sake of living together&quot; (1281a1-3). This can be distinguished from the social contract theory which individuals leave the <link label="State of nature">state of nature</link> because of &quot;fear of violent death&quot; or its &quot;inconveniences.&quot;</p>
</section><section depth="2"><title>Rhetoric and poetics</title>
<template head="main"><link label="Rhetoric (Aristotle)">Poetics (Aristotle)</link></template>
<p>Aristotle considered <link label="Epic poetry">epic poetry</link>, tragedy, comedy, <link label="Dithyramb">dithyrambic poetry</link> and <link label="Music">music</link> to be <link label="Mimesis">imitative</link>, each varying in imitation by media, object, and manner.<ref>Aristotle, <i>Poetics</i> I 1447a</ref>  For example, music imitates with the media of rhythm and harmony, whereas dance imitates with rhythm alone, and poetry with language.  The forms also differ in their object of imitation.  <link label="Comedy">Comedy</link>, for instance, is a dramatic imitation of men worse than average; whereas <link label="Tragedy">tragedy</link> imitates men slightly better than average.  Lastly, the forms differ in their manner of imitiation - through narrative or character, through change or no change, and through drama or no drama.<ref>Aristotle, <i>Poetics</i> III</ref>  Aristotle believed that imitiation is natural to mankind and constitutes one of mankind's advantages over animals.<ref>Aristotle, <i>Poetics</i> IV</ref></p>

<p>While it is believed that Aristotle's <i>Poetics</i> was comprised of two books - one on comedy and one on tragedy - only the portion that focuses on tragedy has survived.  Aristotle taught that tragedy is composed of six elements: plot-structure, character, style, spectacle, and lyric poetry.<ref>Aristotle, <i>Poetics</i> VI</ref>  The characters in a tragedy are merely a means of driving the story; and the plot, not the characters, is the chief focus of tragedy.  Tragedy is the imitation of action arrousing pity and fear, and is meant to effect the <link label="Catharsis">catharsis</link> of those same emotions.  Aristotle concludes <i>Poetics</i> with a discussion on which, if either, is superior: epic or tragic mimesis.  He suggest that because tragedy possesses all the attributes of an epic, possibly possesses additional attributes such as spectacle and music, is more unified, and achieves the aim of its mimesis in shorter scope, it can be considered superior to epic.<ref>Aristotle, <i>Poetics</i> XXVI</ref></p>
</section></section><section depth="1"><title>The loss of his works</title>
<p>Though Aristotle wrote many elegant treatises and dialogues (<link label="Cicero">Cicero</link> described his literary style as &quot;a river of gold&quot;),<ref><template head="cite web"><field name="last">Cicero
  </field><field name="first">Marcus Tullius
  </field><field name="authorlink">
  </field><field name="coauthors">
  </field><field name="title">&quot;flumen orationis aureum fundens Aristoteles&quot;
  </field><field name="work">Academica
  </field><field name="publisher">
  </field><field name="date">106BC-43BC
  </field><field name="url">http://www2.cddc.vt.edu/gutenberg/1/4/9/7/14970/14970-h/14970-h.htm#BkII_119
  </field><field name="format">
  </field><field name="doi">
  </field><field name="accessdaymonth">25 January </field><field name="accessyear">2007</field></template></ref> the vast majority of his writings are now lost, while the literary character of those that remain is disputed. Aristotle's works were lost and rediscovered several times, and it is believed that about one fifth of his original works have survived.</p>

<p>The story of the original manuscripts of his treatises is described by <link label="Strabo">Strabo</link> in his <i>Geography</i> and <link label="Plutarch">Plutarch</link> in his <i><link label="Parallel Lives">Parallel Lives</link></i>.<ref>&quot;Sulla.&quot;</ref>  The manuscripts were left from Aristotle to his successor <link label="Theophrastus">Theophrastus</link>, who in turn willed them to <link label="Neleus of Scepsis">Neleus of Scepsis</link>. Neleus supposedly took the writings from <link label="Athens">Athens</link> to <link label="Scepsis">Scepsis</link>, where his heirs let them languish in a cellar until the first century BC, when <link label="Apellicon of Teos">Apellicon of Teos</link> discovered and purchased the manuscripts, bringing them back to Athens. According to the story, Apellicon tried to repair some of the damage that was done during the manuscripts' stay in the basement, introducing a number of errors into the text. When <link label="Lucius Cornelius Sulla">Lucius Cornelius Sulla</link> occupied Athens in 86 BC, he carried off the library of Appellicon to <link label="Rome">Rome</link>, where they were first published in 60 BC by the grammarian <link label="Tyrranion of Amisus">Tyrranion of Amisus</link> and then by philosopher <link label="Andronicus of Rhodes">Andronicus of Rhodes</link>.</p>

<p><link label="Carnes Lord">Carnes Lord</link> attributes the popular belief in this story to the fact that it provides &quot;the most plausible explanation for the rapid eclipse of the Peripatetic school after the middle of the third century, and for the absence of widespread knowledge of the specialized treatises of Aristotle throughout the Hellenistic period, as well as for the sudden reappearance of a flourishing Aristotelianism during the first century B.C.&quot;<ref><template head="cite book"><field name="last"> Lord
  </field><field name="first"> Carnes
  </field><field name="authorlink">
  </field><field name="title"> Introduction to the Politics, by Aristotle
  </field><field name="publisher"> <link label="Chicago University Press">Chicago University Press</link>
  </field><field name="date"> 1984
  </field><field name="location"> Chicago
  </field><field name="pages"> 11
  </field><field name="url">
  </field><field name="isbn"> </field></template></ref>  Lord voices a number of reservations concerning this story, however. First, the condition of the texts is far too good for them to have suffered considerable damage followed by Apellicon's inexpert attempt at repair. Second, there is &quot;incontrovertible evidence,&quot; Lord says, that the treatises were in circulation during the time in which Strabo and Plutarch suggest they were confined within the cellar in Scepsis. Third, the definitive edition of Aristotle's texts seems to have been made in Athens some fifty years before Andronicus supposedly compiled his. And fourth, ancient library catalogues predating Andronicus' intervention list an Aristotelean corpus quite similar to the one we currently possess. Lord sees a number of post-Aristotelean interpolations in the <i><link label="Politics (Aristotle)">Politics</link></i>, for example, but is generally confident that the work has come down to us relatively intact.</p>

<p>After the Roman period, Aristotle's works were by and large lost to the West for a second time. They were, however, preserved in the East by various <link label="Muslim">Muslim</link> scholars and philosophers, many of whom wrote extensive commentaries on his works. Aristotle lay at the foundation of the <i>falsafa</i> movement in <link label="Islamic philosophy">Islamic philosophy</link>, stimulating the thought of <link label="Al-Farabi">Al-Farabi</link>, <link label="Ibn Sina">Ibn Sina</link>, <link label="Ibn Rushd">Ibn Rushd</link> and others.</p>

<p>As the influence of the <i>falsafa</i> grew in the West, in part due to <link label="Gerard of Cremona">Gerard of Cremona</link>'s translations and the spread of <link label="Averroism">Averroism</link>, the demand for Aristotle's works grew.  <link label="William of Moerbeke">William of Moerbeke</link> translated a number of them into Latin. When <link label="Thomas Aquinas">Thomas Aquinas</link> wrote his <link label="Theology">theology</link>, working from Moerbeke's translations, the demand for Aristotle's writings grew and the <link label="Greek language">Greek</link> manuscripts returned to the West, stimulating a revival of Aristotelianism in <link label="Europe">Europe</link>.</p>
</section><section depth="1"><title>Legacy</title>
<p><img src="Arabic aristotle.jpg">thumb|175px|right|Early Islamic portrayal of Aristotle</img></p>

<p><img src="Aristotle in Nuremberg Chronicle.jpg">thumb|175px|right|Aristotle portrayed in the 1493 ''[[Nuremberg Chronicle</img><i> as a 15th-century-A.D. scholar.]]
It is the opinion of many that Aristotle's system of thought remains the most influential one ever put together by any single mind. According to historian <link label="Will Durant">Will Durant</link>, no other philosopher has contributed so much to the enlightenment of the world.<ref><template head="cite book"><field name="last"> Durant </field><field name="first">Will </field><field name="authorlink">Will Durant </field><field name="coauthors"> </field><field name="title"><link label="The Story of Philosophy">The Story of Philosophy</link> </field><field name="year">1926 (2006) </field><field name="publisher">Simon &amp; Schuster, Inc. </field><field name="location"><link label="United States">United States</link> </field><field name="isbn">9780671739164 </field><field name="pages"> 92</field></template></ref> He single-handedly founded the sciences of <link label="Logic">Logic</link>, <link label="Biology">Biology</link> and <link label="Psychology">Psychology</link>. </i></p>

<p>The immediate influence of Aristotle's work was felt as the Lyceum grew into the <link label="Peripatetic school">Peripatetic school</link>. Aristotle's notable students included <link label="Aristoxenus">Aristoxenus</link>, <link label="Dicaearchus">Dicaearchus</link>, <link label="Demetrius of Phalerum">Demetrius of Phalerum</link>, <link label="Eudemos of Rhodes">Eudemos of Rhodes</link>, <link label="Harpalus">Harpalus</link>, <link label="Hephaestion">Hephaestion</link>, <link label="Meno">Meno</link>, <link label="Mnason of Phocis">Mnason of Phocis</link>, <link label="Nicomachus">Nicomachus</link>, and <link label="Theophrastus">Theophrastus</link>.  (<link label="Alexander the Great">Alexander the Great</link>'s tutelage under Aristotle should also be mentioned here, though it is unclear what the influence of this relationship was.)</p>

<p>Aristotle is referred to as &quot;The Philosopher&quot; by <link label="Scholasticism">Scholastic</link> thinkers such as <link label="Thomas Aquinas">Thomas Aquinas</link>. See <i><link label="Summa Theologica">Summa Theologica</link></i>, Part I, Question 3, etc. These thinkers blended  <link label="Aristotelianism">Aristotelian philosophy</link> with Christianity, bringing the thought of Ancient Greece into the Middle Ages. It required a repudiation of some Aristotelian principles for the sciences and the arts to free themselves for the discovery of modern scientific laws and empirical methods. The medieval English poet <link label="Geoffrey Chaucer">Chaucer</link> describes his student as being happy by having
:&amp;nbsp;&amp;nbsp;&amp;nbsp;&amp;nbsp;&amp;nbsp;&amp;nbsp;&amp;nbsp;&amp;nbsp;&amp;nbsp;&amp;nbsp;&amp;nbsp;&amp;nbsp;&amp;nbsp;&amp;nbsp;&amp;nbsp;&amp;nbsp;&amp;nbsp;&amp;nbsp;&amp;nbsp;&amp;nbsp;&amp;nbsp;<i>At his bedded hed</i>
:<i>Twenty books clothed in blake or red</i>
:<i>Of Aristotle and his philosophie</i>
The Italian poet <link label="Dante Alighieri">Dante</link> says of Aristotle in <link label="The Divine Comedy">the first circles of hell</link>,
:<i>I saw the Master there of those who know,</i>
:<i>Amid the philosophic family,</i>
:<i>By all admired, and by all reverenced;</i>
:<i>There Plato too I saw, and Socrates,</i>
:<i>Who stood beside him closer than the rest.</i></p>

<p>The German philosopher <link label="Friedrich Nietzsche">Friedrich Nietzsche</link> has been said to have taken nearly all of his political philosophy from Aristotle.<ref>Durant, p. 86</ref> However implausible this is, it is certainly the case that Aristotle's rigid separation of action from production, and his justification of the subservience of slaves and others to the virtue - or <i>arete</i> - of a few justified the ideal of aristocracy. It is <link label="Martin Heidegger">Martin Heidegger</link>, not Nietzsche, who elaborated a new interpretation of Aristotle, intended to warrant his deconstruction of scholastic and philosophical tradition. More recently, <link label="Alasdair MacIntyre">Alasdair MacIntyre</link> has attempted to reform what he calls the Aristotelian tradition in a way that is anti-elitist and capable of disputing the claims of both liberals and Nietzscheans.<ref>Kelvin Knight, <i>Aristotelian Philosophy</i>, Polity Press, 2007, <i>passim</i>.</ref></p>
</section><section depth="1"><title>List of Aristotle's works</title>
<template head="main"><link label="Corpus Aristotelicum">Corpus Aristotelicum</link></template>
</section><section depth="1"><title>References</title>
<template head="reflist"><field>2</field></template>
</section><section depth="1"><title>Further reading</title>
<p>The secondary literature on Aristotle is vast. The following references are only a small selection.
*Ackrill J. L. 2001. Essays on Plato and Aristotle, Oxford University Press, USA
*<template head="cite book"><field name="last"> Adler </field><field name="first"> Mortimer J. </field><field name="authorlink"> Mortimer Adler </field><field name="title"><link label="Aristotle for Everybody">Aristotle for Everybody</link>  </field><field name="publisher">Macmillan </field><field name="location"> New York  </field><field name="year">1978</field></template> A popular exposition for the general reader.
*Bakalis Nikolaos. 2005. Handbook of Greek Philosophy: From Thales to the Stoics Analysis and Fragments, Trafford Publishing ISBN 1-4120-4843-5
*Barnes J. 1995. The Cambridge Companion to Aristotle, Cambridge University Press
*<template head="cite book"><field name="last"> Bocheński </field><field name="first"> I. M. </field><field name="authorlink"> I. M. Bocheński </field><field name="title">Ancient Formal Logic  </field><field name="publisher">North-Holland Publishing Company </field><field name="location"> Amsterdam  </field><field name="year">1951</field></template>
*Bolotin, David (1998).  <i>An Approach to Aristotle’s Physics: With Particular Attention to the Role of His Manner of Writing.</i> Albany: SUNY Press. A contribution to our understanding of how to read Aristotle's scientific works.
*Burnyeat, M. F. <i>et al.</i> 1979. Notes on Book Zeta of Aristotle's Metaphysics. Oxford: Sub-faculty of Philosophy
*Chappell, V. 1973. Aristotle's Conception of Matter, Journal of Philosophy 70: 679-696
*Code, Alan. 1995. Potentiality in Aristotle's Science and Metaphysics, Pacific Philosophical Quarterly 76
*Frede, Michael. 1987. Essays in Ancient Philosophy. Minneapolis: University of Minnesota Press
*Gill, Mary Louise. 1989. Aristotle on Substance: The Paradox of Unity. Princeton: Princeton University Press
* <template head="cite book"><field name="last"> Guthrie </field><field name="first"> W. K. C. </field><field name="title">A History of Greek Philosophy, Vol. 6 </field><field name="publisher"><link label="Cambridge University Press">Cambridge University Press</link>  </field><field name="year">1981</field></template>
*Halper, Edward C. (2007) <i>One and Many in Aristotle's Metaphysics, Volume 1: Books Alpha — Delta</i>, Parmenides Publishing, ISBN 978-1-930972-21-6
*Halper, Edward C. (2005) <i>One and Many in Aristotle's Metaphysics, Volume 2: The Central Books</i>, Parmenides Publishing, ISBN 978-1-930972-05-6
*Irwin, T. H. 1988. Aristotle's First Principles. Oxford: Clarendon Press
* <link label="Alberto Jori">Jori, Alberto</link>. 2003. <i>Aristotele</i>, Milano: Bruno Mondadori Editore (Prize 2003 of the &quot;International Academy of the History of Science&quot;) ISBN 88-424-9737-1
*Knight, Kelvin. 2007. <i>Aristotelian Philosophy: Ethics and Politics from Aristotle to MacIntyre</i>, Polity Press.
*Lewis, Frank A. 1991. <i>Substance and Predication in Aristotle</i>. Cambridge: Cambridge University Press.
*<link label="G. E. R. Lloyd">Lloyd, G. E. R.</link> 1968. <i>Aristotle: The Growth and Structure of his Thought</i>. Cambridge: Cambridge Univ. Pr., ISBN 0-521-09456-9.
*Lord, Carnes. 1984. Introduction to <i>The Politics</i>, by Aristotle. Chicago: Chicago University Press.
*Loux, Michael J. 1991. Primary Ousia: An Essay on Aristotle's Metaphysics Ζ and Η. Ithaca, NY: Cornell University Press
*Owen, G. E. L. 1965c. The Platonism of Aristotle, Proceedings of the British Academy 50 125-150. Reprinted in J. Barnes, M. Schofield, and R. R. K. Sorabji (eds.), Articles on Aristotle, Vol 1. Science. London: Duckworth (1975). 14-34
*Pangle, Lorraine Smith (2003). <i>Aristotle and the Philosophy of Friendship</i>. Cambridge: Cambridge University Press. Aristotle's conception of the deepest human relationship viewed in the light of the history of philosophic thought on friendship.
*Reeve, C. D. C. 2000. Substantial Knowledge: Aristotle's Metaphysics. Indianapolis: Hackett.
* <template head="cite book"><field name="last"> Rose </field><field name="first"> Lynn E. </field><field name="authorlink"> Lynn E. Rose </field><field name="title">Aristotle's Syllogistic  </field><field name="publisher">Charles C Thomas Publisher </field><field name="location"> Springfield  </field><field name="year">1968</field></template>
* <template head="cite book"><field name="last"> Ross </field><field name="first"> Sir David </field><field name="authorlink"> W. D. Ross </field><field name="title">Aristotle </field><field name="publisher">Routledge </field><field name="edition"> 6&lt;sup&gt;th&lt;/sup&gt; ed. </field><field name="location"> London </field><field name="year">1995</field></template> An classic overview by one of Aristotle's most prominent English translators, in print since 1923.
*Scaltsas, T. 1994. Substances and Universals in Aristotle's Metaphysics. Ithaca: Cornell University Press.
*Strauss, Leo. &quot;On Aristotle's <i>Politics</i>&quot; (1964), in <i>The City and Man</i>, Chicago; Rand McNally. 
* <template head="cite book"><field name="last"> Taylor </field><field name="first"> Henry Osborn </field><field name="authorlink"> Henry Osborn Taylor </field><field name="url"> http://web.archive.org/web/20060211201625/http://www.ancientlibrary.com/medicine/index.html </field><field name="title"> Greek Biology and Medicine </field><field name="year"> 1922 </field><field name="chapter"> Chapter 3: Aristotle's Biology </field><field name="chapterurl"> http://web.archive.org/web/20060327222953/http://www.ancientlibrary.com/medicine/0051.html</field></template>
* <template head="cite book"><field name="last"> Veatch </field><field name="first"> Henry B. </field><field name="authorlink"> Henry Babcock Veatch </field><field name="title">Aristotle: A Contemporary Appreciation  </field><field name="publisher">Indiana U. Press </field><field name="location"> Bloomington </field><field name="year">1974</field></template> For the general reader.
*Woods, M. J. 1991b. “Universals and Particular Forms in Aristotle's Metaphysics.”  Oxford Studies in Ancient Philosophy supplement. 41-56</p>
</section><section depth="1"><title>See also</title>
<p>*<link label="Aristotelianism">Aristotelianism</link>
*<link label="Aristotelian view of God">Aristotelian view of God</link>
*<link label="Aristotelian theory of gravity">Aristotelian theory of gravity</link>
*<link label="Philia">Philia</link>
*<link label="Phronesis">Phronesis</link>
*<link label="Potentiality and actuality (Aristotle)">Potentiality and actuality (Aristotle)</link>
*<link label="Aristotelian ethics">Aristotelian ethics</link>
*<link label="Hylomorphism">Hylomorphism</link></p>
</section><section depth="1"><title>External links</title>
<template head="sisterlinks"></template><section depth="2"><title>Collections of Aristotle's works</title>
<p>*<external href="http://classics.mit.edu/Browse/index-Aristotle.html">Massachusetts Institute of Technology</external> - primarily in <link label="English language">English</link> 
*<external href="http://remacle.org/bloodwolf/philosophes/Aristote/table.htm">P. Remacle's collection</external> - primarily <link label="Greek language">Greek</link> texts
*<external href="http://www.gutenberg.org/browse/authors/a#a2747">Project Gutenberg</external> - English texts
*<external href="http://www.perseus.tufts.edu/cgi-bin/perscoll?.submit=Change&amp;collection=Any&amp;type=text&amp;lang=Any&amp;lookup=Aristotle">Tufts University</external> - at the <link label="Perseus Project">Perseus Project</link>, in both <link label="English language">English</link> and Greek
*<external href="http://etext.library.adelaide.edu.au/a/aristotle/">University of Adelaide</external> - primarily in English
*<external href="http://www.non-contradiction.com/">non-contradiction.com</external> - Aristotle and Aristotelianism Resource</p>
</section><section depth="2"><title>Articles on Aristotle</title>
<p>*<external href="http://www.newadvent.org/cathen/01713a.htm">The Catholic Encyclopedia</external> (general article)
*<external href="http://www.utm.edu/research/iep/a/aristotl.htm">The Internet Encyclopedia of Philosophy</external> (general article)
*Scholarly surveys of focused topics from the <i><link label="Stanford Encyclopedia of Philosophy">Stanford Encyclopedia of Philosophy</link></i>: articles on <external href="http://plato.stanford.edu/entries/aristotelianism-renaissance/">Aristotle in the Renaissance</external>, <external href="http://plato.stanford.edu/entries/aristotle-biology/">Biology</external>, <external href="http://plato.stanford.edu/entries/aristotle-causality/">Causality</external>, <external href="http://plato.stanford.edu/entries/aristotle-commentators/">Commentators on Aristotle</external>, <external href="http://plato.stanford.edu/entries/aristotle-ethics/">Ethics</external>, <external href="http://plato.stanford.edu/entries/aristotle-logic/">Logic</external>, <external href="http://plato.stanford.edu/entries/aristotle-mathematics/">Mathematics</external>, <external href="http://plato.stanford.edu/entries/aristotle-metaphysics/">Metaphysics</external>, <external href="http://plato.stanford.edu/entries/aristotle-natphil/">Natural philosophy</external>, <external href="http://plato.stanford.edu/entries/aristotle-noncontradiction/">Non-contradiction</external>, <external href="http://plato.stanford.edu/entries/aristotle-politics/">Political theory</external>, <external href="http://plato.stanford.edu/entries/aristotle-psychology/">Psychology</external>, <external href="http://plato.stanford.edu/entries/aristotle-rhetoric/">Rhetoric</external>
&lt;BR&gt;
<template head="Philosophy navigation"></template>
<template head="Ancient Greece"></template>
<template head="Logic"></template>
*<template head="planetmath"><field name="id">5840</field><field name="title">Aristotle</field></template></p>

<template head="Persondata"><field name="NAME">Aristotle
</field><field name="ALTERNATIVE NAMES">Ἀριστοτέλης (Greek)
</field><field name="SHORT DESCRIPTION"><link label="Greek philosophy">Greek</link> <link label="Philosopher">philosopher</link>
</field><field name="DATE OF BIRTH"><link label="384 BC">384 BC</link>
</field><field name="PLACE OF BIRTH"><link label="Stageira">Stageira</link>
</field><field name="DATE OF DEATH"><link label="March 7">March 7</link>, <link label="322 BC">322 BC</link>
</field><field name="PLACE OF DEATH"><link label="Chalcis">Chalcis</link>
</field></template>

<template head="DEFAULTSORT:"></template>
<p>
























</p>

<template head="Link FA"><field>fi</field></template>
<template head="Link FA"><field>de</field></template>

<p><link label="Ar:أرسطو">ar:أرسطو</link>
<link label="An:Aristoteles">an:Aristoteles</link>
<link label="Ast:Aristóteles">ast:Aristóteles</link>
<link label="Az:Aristotel">az:Aristotel</link>
<link label="Bn:অ্যারিস্টটল">bn:অ্যারিস্টটল</link>
<link label="Zh-min-nan:Aristotélēs">zh-min-nan:Aristotélēs</link>
<link label="Ba:Аристотель">ba:Аристотель</link>
<link label="Be:Арыстоцель">be:Арыстоцель</link>
<link label="Be-x-old:Арыстоцель">be-x-old:Арыстоцель</link>
<link label="Bs:Aristotel">bs:Aristotel</link>
<link label="Br:Aristoteles">br:Aristoteles</link>
<link label="Bg:Аристотел">bg:Аристотел</link>
<link label="Ca:Aristòtil">ca:Aristòtil</link>
<link label="Cv:Аристотель">cv:Аристотель</link>
<link label="Cs:Aristotelés">cs:Aristotelés</link>
<link label="Cy:Aristoteles">cy:Aristoteles</link>
<link label="Da:Aristoteles">da:Aristoteles</link>
<link label="De:Aristoteles">de:Aristoteles</link>
<link label="Et:Aristoteles">et:Aristoteles</link>
<link label="El:Αριστοτέλης">el:Αριστοτέλης</link>
<link label="Es:Aristóteles">es:Aristóteles</link>
<link label="Eo:Aristotelo">eo:Aristotelo</link>
<link label="Eu:Aristoteles">eu:Aristoteles</link>
<link label="Fa:ارسطو">fa:ارسطو</link>
<link label="Fr:Aristote">fr:Aristote</link>
<link label="Fy:Aristoteles">fy:Aristoteles</link>
<link label="Ga:Arastotail">ga:Arastotail</link>
<link label="Gd:Aristotle">gd:Aristotle</link>
<link label="Gl:Aristóteles">gl:Aristóteles</link>
<link label="Ko:아리스토텔레스">ko:아리스토텔레스</link>
<link label="Hy:Արիստոտել">hy:Արիստոտել</link>
<link label="Hr:Aristotel">hr:Aristotel</link>
<link label="Io:Aristoteles">io:Aristoteles</link>
<link label="Id:Aristoteles">id:Aristoteles</link>
<link label="Is:Aristóteles">is:Aristóteles</link>
<link label="It:Aristotele">it:Aristotele</link>
<link label="He:אריסטו">he:אריסטו</link>
<link label="Jv:Aristoteles">jv:Aristoteles</link>
<link label="Ka:არისტოტელე">ka:არისტოტელე</link>
<link label="Ku:Aristoteles">ku:Aristoteles</link>
<link label="Lad:Aristoteles">lad:Aristoteles</link>
<link label="La:Aristoteles">la:Aristoteles</link>
<link label="Lv:Aristotelis">lv:Aristotelis</link>
<link label="Lb:Aristoteles">lb:Aristoteles</link>
<link label="Lt:Aristotelis">lt:Aristotelis</link>
<link label="Hu:Arisztotelész">hu:Arisztotelész</link>
<link label="Mk:Аристотел">mk:Аристотел</link>
<link label="Ml:അരിസ്റ്റോട്ടില്‍">ml:അരിസ്റ്റോട്ടില്‍</link>
<link label="Mt:Aristotile">mt:Aristotile</link>
<link label="Mr:ऍरिस्टोटल">mr:ऍरिस्टोटल</link>
<link label="Ms:Aristotle">ms:Aristotle</link>
<link label="Cdo:Ā-lī-sê̤ṳ-dŏ̤-dáik">cdo:Ā-lī-sê̤ṳ-dŏ̤-dáik</link>
<link label="Nl:Aristoteles">nl:Aristoteles</link>
<link label="Nds-nl:Aristoteles">nds-nl:Aristoteles</link>
<link label="New:एरिस्टोटल">new:एरिस्टोटल</link>
<link label="Ja:アリストテレス">ja:アリストテレス</link>
<link label="No:Aristoteles">no:Aristoteles</link>
<link label="Nn:Aristoteles">nn:Aristoteles</link>
<link label="Nov:Aristotéles">nov:Aristotéles</link>
<link label="Uz:Arastu">uz:Arastu</link>
<link label="Pag:Aristotle">pag:Aristotle</link>
<link label="Pms:Aristòtil">pms:Aristòtil</link>
<link label="Nds:Aristoteles">nds:Aristoteles</link>
<link label="Pl:Arystoteles">pl:Arystoteles</link>
<link label="Pt:Aristóteles">pt:Aristóteles</link>
<link label="Ro:Aristotel">ro:Aristotel</link>
<link label="Qu:Aristotelis">qu:Aristotelis</link>
<link label="Ru:Аристотель">ru:Аристотель</link>
<link label="Sco:Aristotle">sco:Aristotle</link>
<link label="Sq:Aristoteli">sq:Aristoteli</link>
<link label="Scn:Aristòtili">scn:Aristòtili</link>
<link label="Simple:Aristotle">simple:Aristotle</link>
<link label="Sk:Aristoteles">sk:Aristoteles</link>
<link label="Sl:Aristotel">sl:Aristotel</link>
<link label="Sr:Аристотел">sr:Аристотел</link>
<link label="Sh:Aristotel">sh:Aristotel</link>
<link label="Fi:Aristoteles">fi:Aristoteles</link>
<link label="Sv:Aristoteles">sv:Aristoteles</link>
<link label="Tl:Aristoteles">tl:Aristoteles</link>
<link label="Ta:அரிஸ்டாட்டில்">ta:அரிஸ்டாட்டில்</link>
<link label="Kab:Aristot">kab:Aristot</link>
<link label="Th:อริสโตเติล">th:อริสโตเติล</link>
<link label="Vi:Aristotle">vi:Aristotle</link>
<link label="Tg:Арасту">tg:Арасту</link>
<link label="Tr:Aristo">tr:Aristo</link>
<link label="Uk:Аристотель">uk:Аристотель</link>
<link label="Ur:ارسطو">ur:ارسطو</link>
<link label="Yi:אריסטו">yi:אריסטו</link>
<link label="Zh:亚里士多德">zh:亚里士多德</link></p></section></section></text><catlinks><catlink href="Category:Aristotle"/><catlink href="Category:Aristotelian philosophers"/><catlink href="Category:Classical Greek philosophy"/><catlink href="Category:Ancient Greek mathematicians"/><catlink href="Category:Ancient Greek physicists"/><catlink href="Category:Ancient Greek philosophers"/><catlink href="Category:Cosmologists"/><catlink href="Category:Empiricists"/><catlink href="Category:Greek logicians"/><catlink href="Category:History of logic"/><catlink href="Category:History of philosophy"/><catlink href="Category:History of science"/><catlink href="Category:Meteorologists"/><catlink href="Category:Peripatetic philosophers"/><catlink href="Category:Philosophers"/><catlink href="Category:Philosophers of language"/><catlink href="Category:Philosophers of law"/><catlink href="Category:Philosophers of mind"/><catlink href="Category:Political philosophers"/><catlink href="Category:Acting theorists"/><catlink href="Category:Rhetoric theorists"/><catlink href="Category:Ancient Greeks in Macedon"/><catlink href="Category:Metics in Athens"/><catlink href="Category:Ancient Stagirites"/><catlink href="Category:384 BC births"/><catlink href="Category:322 BC deaths"/></catlinks>
    </revision>
  </page>
