<?xml version="1.0"  encoding="UTF-8" ?>
  <page>
    <title>NASA</title>
    <id>21602</id>
    <revision>
      <id>182243941</id>
      <timestamp>2008-01-05T03:48:49Z</timestamp>
      <contributor>
        <username>Vsmith</username>
        <id>84417</id>
      </contributor>
      <minor />
      <comment>Reverted edits by [[Special:Contributions/Erjohnst2|Erjohnst2]] ([[User talk:Erjohnst2|talk]]) to last version by 86.164.26.170</comment>
      <text xml:space="preserve"><template head="otheruses"></template>
<template head="Infobox Govt Agency"><field name="agency_name"> National Aeronautics and Space Administration
  </field><field name="abbreviation"> NASA
  </field><field name="logo"> NASA logo.svg
  </field><field name="logo_width"> 140px
  </field><field name="logo_caption"> <link label="NASA logo">NASA logo</link>&lt;br&gt;Motto: For the Benefit of All.&lt;ref name=&quot;motto&quot;&gt;<template head="Cite web"><field name="url">http://www.lightmillennium.org/2004_newyear/gokoglu_nasa_stands_forall.html</field><field name="title"> NASA stands &quot;for the benefit of all.&quot; - Interview with NASA's Dr. Süleyman Gokoglu </field><field name="accessyear">2007</field><field name="accessmonthday">September 13</field><field name="publisher">The Light Millennium</field><field name="year">2007</field><field name="author">Lale Tayla and Figen Bingul</field><field name="language">English</field></template>&lt;/ref&gt;
  </field><field name="seal"> Nasaseal.svg
  </field><field name="seal_width"> 140px
  </field><field name="seal_caption"> NASA seal
  </field><field name="formed"> <link label="29 July">29 July</link> <link label="1958">1958</link>
  </field><field name="preceding1"> 
  </field><field name="jurisdiction"> 
  </field><field name="headquarters"> <link label="Washington D.C.">Washington D.C.</link>
  </field><field name="employees"> 
  </field><field name="budget"> $16.8 billion for 2007&lt;ref name=&quot;budg1&quot;&gt;<template head="Cite web"><field name="url">http://www.nasa.gov/pdf/142458main_FY07_budget_full.pdf</field><field name="title">Fiscal Year 07 Budget</field><field name="accessyear">2007</field><field name="accessmonthday">August 29 </field><field name="publisher">NASA</field><field name="year">2006</field><field name="author">NASA</field><field name="language">English</field></template>&lt;/ref&gt;
  </field><field name="chief1_name"> <link label="Michael D. Griffin">Michael D. Griffin</link>
  </field><field name="chief1_position"> <link label="Administrator">Administrator</link>
  </field><field name="chief2_name"> <link label="Shana Dale">Shana Dale</link>
  </field><field name="chief2_position"> Deputy Administrator
  </field><field name="date1"> <link label="Kennedy Space Center">Kennedy Space Center</link>
  </field><field name="date1_name"> Spaceport
  </field><field name="department"> 
  </field><field name="child1_agency"> 
  </field><field name="website"> <external href="http://www.nasa.gov/">www.nasa.gov</external>
</field></template>
<summary><p>The <b>National Aeronautics and Space Administration</b> (<b>NASA</b>),is an agency of the <link label="Federal government of the United States">United States government</link>, responsible for the nation's public <link label="Space program">space program</link>. NASA was established on <link label="July 29">July 29</link>, <link label="1958">1958</link>, by the <link label="National Aeronautics and Space Act">National Aeronautics and Space Act</link>.&lt;ref name=&quot;act1&quot;&gt;<template head="Cite web"><field name="url">http://www.nasa.gov/offices/ogc/about/space_act1.html</field><field name="title">The National Aeronautics and Space Act</field><field name="accessyear">2007</field><field name="accessmonthday">August 29</field><field name="publisher">NASA</field><field name="year">2005</field><field name="author">NASA</field><field name="language">English</field></template>&lt;/ref&gt;</p>

<p>In addition to the space program, it is also responsible for long-term civilian and military <link label="Aerospace">aerospace</link> research. Since February 2006 NASA's self-described mission statement is to &quot;pioneer the future in <link label="Space exploration">space exploration</link>, <link label="Science">scientific discovery</link>, and <link label="Aeronautics">aeronautics</link> research.&quot;&lt;ref name=&quot;do1&quot;&gt;<template head="Cite web"><field name="url">http://www.nasa.gov/about/highlights/what_does_nasa_do.html</field><field name="title">What Does NASA Do?</field><field name="accessyear">2007</field><field name="accessmonthday">August 29</field><field name="publisher">NASA</field><field name="year">2005</field><field name="author">NASA</field><field name="language">English</field></template>&lt;/ref&gt;</p>

<p>NASA's motto is: <i>&quot;For the benefit of all&quot;</i>.&lt;ref name=&quot;motto&quot;&gt;<template head="Cite web"><field name="url">http://www.lightmillennium.org/2004_newyear/gokoglu_nasa_stands_forall.html</field><field name="title"> NASA stands &quot;for the benefit of all.&quot; - Interview with NASA's Dr. Süleyman Gokoglu </field><field name="accessyear">2007</field><field name="accessmonthday">September 13</field><field name="publisher">The Light Millennium</field><field name="year">2007</field><field name="author">Lale Tayla and Figen Bingul</field><field name="language">English</field></template>&lt;/ref&gt; The motto of NASA's Office of Education is: <i>Shaping the Future: Launching New Endeavors to Inspire the Next Generation of Explorers.</i>&lt;ref name=&quot;motto2&quot;&gt;<template head="Cite web"><field name="url">http://www.umes.edu/pstc/</field><field name="title">NASA Office of Education</field><field name="accessyear">2007</field><field name="accessmonthday">September 13</field><field name="publisher">NASA Langley Research Center</field><field name="year">2007</field><field name="author">NASA </field><field name="language">English</field></template>&lt;/ref&gt;</p>
</summary><section depth="1"><title>History</title>
<p><img src="NASA Worm logo.svg">thumb|right|The NASA &quot;worm&quot; logo used until 1992.</img></p><section depth="2"><title>Space race</title>
<template head="main"><link label="Space Race">Space Race</link></template> 

<p>Following the <link label="Soviet space program">Soviet space program</link>'s launch of the world's first human-made <link label="Satellite">satellite</link> (<i><link label="Sputnik 1">Sputnik 1</link></i>) on <link label="4 October">4 October</link>, <link label="1957">1957</link>, the attention of the <link label="United States">United States</link> turned toward its own fledgling space efforts. The <link label="Congress of the United States">U.S. Congress</link>, alarmed by the perceived threat to U.S. security and technological leadership (known as the &quot;<i><link label="Sputnik crisis">Sputnik crisis</link></i>&quot;), urged immediate and swift action; President <link label="Dwight D. Eisenhower">Dwight D. Eisenhower</link> and his advisors counseled more deliberate measures. Several months of debate produced an agreement that a new federal agency was needed to conduct all non-military activity in space. <link label="DARPA">DARPA</link> was also created at this time and many of DARPA's early space programs were soon transferred to NASA.</p>

<p>Explorer-I, officially Satellite 1958 Alpha (and sometimes referred to as Explorer 1), was the first Earth satellite of the United States, having been launched at 10:48pm EST on <link label="31 January">31 January</link> <link label="1958">1958</link>. On <link label="29 July">29 July</link> <link label="1958">1958</link>, President <link label="Dwight D. Eisenhower">Dwight D. Eisenhower</link> signed the <link label="National Aeronautics and Space Act">National Aeronautics and Space Act</link>, establishing the <b>National Aeronautics and Space Administration</b> (<b>NASA</b>). When it began operations on <link label="1 October">1 October</link>, <link label="1958">1958</link>, NASA consisted mainly of the four laboratories and some 80 employees of the government's 46-year-old research agency, the <link label="National Advisory Committee for Aeronautics">National Advisory Committee for Aeronautics</link> (NACA). A significant contributor to NASA's entry into the <i>Space race</i> was the technology from the <link label="V-2 rocket">German rocket program</link>, led by <link label="Wernher von Braun">Wernher von Braun</link>, who became a <link label="Naturalization">naturalized citizen</link> of the United States after <link label="World War II">World War II</link>. He is today regarded as the father of the United States space program. Elements of the <link label="Army Ballistic Missile Agency">Army Ballistic Missile Agency</link> (of which von Braun's team was a part) and the <link label="U.S. Naval Research Laboratory">Naval Research Laboratory</link> were incorporated into NASA. 	</p>

<p><img src="Mercury 3.jpg">thumb|right|[[May 5</img> <link label="1961">1961</link> launch of Redstone rocket and NASA's Mercury <i><link label="Mercury-Redstone 3">Freedom 7</link></i> with <link label="Alan Shepard Jr.">Alan Shepard Jr.</link> on the United States' first manned <link label="Sub-orbital spaceflight">sub-orbital spaceflight</link>.]]</p>

<p>NASA's earliest programs involved research into <link label="Human spaceflight">human spaceflight</link> and were conducted under the pressure of the competition between the USA and the <link label="USSR">USSR</link> (the <link label="Space Race">Space Race</link>) that existed during the <link label="Cold War">Cold War</link>. The <link label="Mercury program">Mercury program</link>, initiated in 1958, started NASA down the path of human space exploration with missions designed to discover simply if man could survive in <link label="Outer space">space</link>. Representatives from the U.S. Army (M.L. Raines, LTC, USA), Navy (P.L. Havenstein, CDR, USN) and Air Force (K.G. Lindell, COL, USAF) were selected/requested to provide assistance to the NASA Space Task Group through coordination with the existing U.S. military research and defense contracting infrastructure, and technical assistance resulting from experimental aircraft (and the associated military test pilot pool) development in the 1950s. On <link label="May 5">May 5</link>, <link label="1961">1961</link>, astronaut <link label="Alan B. Shepard Jr.">Alan B. Shepard Jr.</link> became the first American in space when he piloted <link label="Mercury-Redstone 3">''Freedom 7''</link> on a 15-minute suborbital flight. <link label="John Glenn">John Glenn</link> became the first American to orbit the Earth on <link label="20 February">20 February</link> <link label="1962">1962</link> during the 5 and a quarter-hour flight of <link label="Mercury-Atlas 6">''Friendship 7''</link>.</p>

<p>Once the Mercury project proved that human spaceflight was possible, <link label="Project Gemini">project Gemini</link> was launched to conduct experiments and work out issues relating to a moon mission. The first Gemini flight with astronauts on board, <link label="Gemini 3">Gemini III</link>, was flown by <link label="Virgil I. Grissom">Virgil &quot;Gus&quot; Grissom</link> and <link label="John W. Young">John W. Young</link> on <link label="23 March">23 March</link> <link label="1965">1965</link>. Nine other missions followed, showing that long-duration human space flight was possible, proving that rendezvous and docking with another vehicle in space was possible, and gathering medical data on the effects of weightlessness on human beings.</p>
</section><section depth="2"><title>Apollo program</title>
<template head="main"><link label="Apollo program">Apollo program</link></template>
<p>The Apollo program was designed to land humans on the Moon and bring them safely back to Earth. <link label="Apollo 8">Apollo 8</link> and <link label="Apollo 10">Apollo 10</link> tested various components while orbiting the Moon, and returned photography.  On July 20, 1969, <link label="Apollo 11">Apollo 11</link>, landed the first man on the moon, <link label="Neil Armstrong">Neil Armstrong</link>. <link label="Apollo 13">Apollo 13</link> did not land on the Moon due to a malfunction, but did return photographs.  The six missions that landed on the Moon returned a wealth of scientific data and almost 400 kilograms of lunar samples. Experiments included <link label="Soil mechanics">soil mechanics</link>, <link label="Meteoroid">meteoroid</link>s, <link label="Seismology">seismic</link>, <link label="Heat transfer">heat flow</link>, <link label="Lunar laser ranging experiment">lunar ranging</link>, <link label="Magnetic fields">magnetic fields</link>, and solar wind experiments.<ref><template head="cite book"><field name="last"> Chaikin </field><field name="first"> Andrew </field><field name="title"> A Man on the Moon </field><field name="publisher"> Penguin Books </field><field name="location"> New York </field><field name="year"> 1998 </field><field name="isbn"> 0140272011 </field></template></ref></p>
</section><section depth="2"><title>Skylab</title>
<template head="main"><link label="Skylab">Skylab</link></template>

<p>Skylab was the first <link label="Space station">space station</link> the <link label="United States">United States</link> launched into orbit. The 75 <link label="Tonne">metric tonne</link> station was in Earth orbit from 1973 to 1979, and was visited by crews three times, in 1973 and 1974. Skylab was originally intended to study gravitational anomalies in other solar systems, but the assignment was curtailed due to lack of funding and interest.  It included a laboratory for studying the effects of <link label="Microgravity">microgravity</link>, and a <link label="Apollo Telescope Mount">solar observatory</link>. A Space Shuttle was planned to dock with and elevate Skylab to a higher safe altitude, but Skylab reentered the atmosphere and was destroyed in 1979, before the first shuttle could be launched.</p>
</section><section depth="2"><title>Shuttle era</title>
<template head="main"><link label="Space Shuttle">Space Shuttle</link></template>
<p><img src="Space Shuttle Columbia launching.jpg">thumb|right|[[Space Shuttle Columbia</img>, <link label="April 12">April 12</link> <link label="1981">1981</link>.]]</p>

<p>The <link label="Space shuttle">space shuttle</link> became the major focus of NASA in the late 1970s and the 1980s. Planned to be a frequently launchable and mostly reusable vehicle, four space shuttles were built by 1985. The first to launch, <link label="Space Shuttle Columbia">''Columbia''</link>, did so on <link label="April 12">April 12</link>, <link label="1981">1981</link>.<ref>Bernier, Serge (Stephen Lyle Translator) <i>Space Odyssey: The First Forty Years of Space Exploration</i> (Cambridge University Press, 2002) ISBN 0-521-81356-5 </ref></p>

<p>The shuttle was not all good news for NASA — flights were much more expensive than initially projected, and even after the 1986 <link label="STS-51-L">''Challenger'' disaster</link> highlighted the risks of space flight, the public again lost interest as missions appeared to become mundane. Work began on <link label="Space Station Freedom">Space Station Freedom</link> as a focus for the manned space program but within NASA there was argument that these projects came at the expense of more inspiring unmanned missions such as the <link label="Voyager program">Voyager</link> probes. The <i>Challenger</i> disaster, aside from the late 1980s, marked a low point for NASA.</p>

<p>Nonetheless, the shuttle has been used to launch milestone projects like the <link label="Hubble Space Telescope">Hubble Space Telescope</link> (HST). The HST was created with a relatively small budget of $2 billion but has continued operation since 1990 and has delighted both scientists and the public. Some of the images it has returned have become near-legendary, such as the groundbreaking <link label="Hubble Deep Field">Hubble Deep Field</link> images. The HST is a joint project between the <link label="European Space Agency">European Space Agency</link> (ESA) and NASA, and its success has paved the way for greater collaboration between the agencies.</p>

<p>In 1995 Russian-American interaction would again be achieved as the <link label="Shuttle-Mir Program">Shuttle-Mir</link> missions began, and once more an American vehicle docked with a Russian craft (this time a full-fledged space station). This cooperation continues to the present day, with Russia and America the two biggest partners in the largest space station ever built &amp;ndash; the <link label="International Space Station">International Space Station</link> (ISS). The strength of their cooperation on this project was even more evident when NASA began relying on Russian launch vehicles to service the ISS following the 2003 <link label="Space Shuttle Columbia disaster">''Columbia'' disaster</link>, which grounded the shuttle fleet for well over two years.</p>

<p>Costing over one hundred billion dollars, it has been difficult at times for NASA to justify the ISS. The <link label="Population">population</link> at large has historically been hard to impress with details of scientific experiments in space, preferring news of grand projects to exotic locations. Even now, the ISS cannot accommodate as many scientists as planned.</p>

<p>During much of the 1990s, NASA was faced with shrinking annual budgets due to Congressional belt-tightening in Washington, DC. In response, NASA's ninth administrator, <link label="Daniel S. Goldin">Daniel S. Goldin</link>, pioneered the &quot;faster, better, cheaper&quot; approach that enabled NASA to cut costs while still delivering a wide variety of aerospace programs (<link label="Discovery Program">Discovery Program</link>). That method was criticized and re-evaluated following the twin losses of <link label="Mars Climate Orbiter">Mars Climate Orbiter</link> and <link label="Mars Polar Lander">Mars Polar Lander</link> in 1999.  Yet, NASA's shuttle program had made 116 successful launches as of December 2006.</p>

<p>The Space Shuttle <i>Columbia</i> disaster in 2003, which killed the crew of six Americans and one Israeli, caused a 29-month hiatus in space shuttle flights and triggered a serious re-examination of NASA's priorities. The U.S. government, various scientists, and the public all reconsidered the future of the space program.</p>
</section><section depth="2"><title>NASA's future</title>
<p><img src="Size Comparison.png">thumb|right|300px|Left to Right: [[Saturn V</img>, which last carried men to the Moon, the <link label="Space Shuttle">Space Shuttle</link>, the planned <link label="Ares I">Ares I</link>, proposed <link label="Ares IV">Ares IV</link> and planned <link label="Ares V">Ares V</link> <link label="Launch vehicle">launch vehicle</link>s.]]</p>

<p>NASA's ongoing investigations include in-depth surveys of <link label="Mars">Mars</link> and <link label="Saturn">Saturn</link> and studies of the <link label="Earth">Earth</link> and <link label="Sun">Sun</link>. Other NASA spacecraft are presently en route to <link label="Mercury (planet)">Mercury</link> and <link label="Pluto">Pluto</link>. With missions to <link label="Jupiter">Jupiter</link> in planning stages, NASA's itinerary covers over half the solar system.</p>

<p>Managed by the NASA's <link label="Jet Propulsion Laboratory">Jet Propulsion Laboratory</link> (JPL) in Pasadena, CA, the <link label="Phoenix (spacecraft)">Phoenix</link> mission was launched on <link label="August 4">August 4</link>, <link label="2007">2007</link>. It will search for possible underground water courses in the northern Martian pole. This lander revives much of its experiments and instrumentation from the failed 1999 <link label="Mars Polar Lander">Mars Polar Lander</link>, hence its name. An improved and larger <link label="Rover (space exploration)">rover</link>, <link label="Mars Science Laboratory">Mars Science Laboratory</link>, is under construction and slated to launch in 2009. On the horizon of NASA's plans are two possibilities under consideration for the <link label="Mars 2011">Mars 2011</link> mission.</p>

<p>The <link label="New Horizons">New Horizons</link> mission to Pluto was launched in 2006 and will fly by <link label="Pluto">Pluto</link> in 2015. The probe received a <link label="Gravity assist">gravity assist</link> from <link label="Jupiter (planet)">Jupiter</link> in February 2007, examining some of Jupiter's inner moons and testing on-board instruments during the fly-by.</p>
<section depth="3"><title>Vision for space exploration</title>
<template head="main"><field> Vision for Space Exploration</field></template>
<p>On <link label="January 14">January 14</link>, <link label="2004">2004</link>, ten days after the landing of  the Mars Exploration Rover <i><link label="Spirit rover">Spirit</link></i>, President <link label="George W. Bush">George W. Bush</link> announced a new plan for NASA's future, dubbed the <link label="Vision for Space Exploration">Vision for Space Exploration</link>. According to this plan, humankind will return to the Moon by 2018, and set up outposts as a testbed and potential resource for future missions. The <link label="Space shuttle">space shuttle</link> will be retired in 2010 and <link label="Orion (spacecraft)">Orion</link> will replace it by 2014, capable of both docking with the <link label="International Space Station">ISS</link> and leaving the Earth's orbit. The future of the ISS is somewhat uncertain — construction will be completed, but beyond that is less clear. Although the plan initially met with skepticism from Congress, in late 2004 Congress agreed to provide start-up funds for the first year's worth of the new space vision.</p>

<p><img src="Orion briefing model.jpg">thumb|right|Orion Contractor Selected [[August 31</img> <link label="2006">2006</link>, at NASA Headquarters]]</p>

<p>Hoping to spur innovation from the private sector, NASA established a series of <link label="Centennial Challenges">Centennial Challenges</link>, technology prizes for non-government teams, in 2004. The Challenges include tasks that will be useful for implementing the Vision for Space Exploration, such as building more efficient astronaut gloves.</p>
</section><section depth="3"><title>Mission statement</title>
<p>From 2002, NASA’s mission statement, used in budget and planning documents, read: “To understand and protect our home planet; to explore the universe and search for life; to inspire the next generation of explorers ... as only NASA can.” In early February 2006, the statement was altered, with the phrase “to understand and protect our home planet” deleted.<ref><template head="cite news"><field name="first"> Andrew C.
 </field><field name="last"> Revkin
 </field><field name="title"> NASA’s Goals Delete Mention of Home Planet
 </field><field name="url"> http://www.nytimes.com/2006/07/22/science/22nasa.html
 </field><field name="work"> The New York Times
 </field><field name="date">  2006-07-22
 </field><field name="accessdate"> 2007-01-15
</field></template></ref> Some outside observers believe the change is related to criticism of government policy on <link label="Global warming">global warming</link> by NASA scientists like <link label="James Hansen">James Hansen</link>, but NASA officials have denied any such connection, pointing to new priorities for space exploration. 
The chair and ranking member of the <link label="U.S. Senate">U.S. Senate</link> <link label="Committee on Homeland Security and Governmental Affairs">Committee on Homeland Security and Governmental Affairs</link> wrote NASA Administrator Griffin on <link label="July 31">July 31</link>, <link label="2006">2006</link> expressing concerns about the change.<ref><template head="cite web"><field name="url"> http://hsgac.senate.gov/index.cfm?FuseAction=PressReleases.Detail&amp;Affiliation=r&amp;PressRelease_id=1304&amp;Month=8&amp;Year=2006
</field><field name="title"> Senators Collins and Lieberman Raise Concerns about Changes to NASA Mission Statement
</field><field name="accessdate"> 2007-01-16
</field><field name="author"> U.S. Senate Committee on Homeland Security and Governmental Affairs
</field><field name="date">  2006-08-01
</field></template></ref> NASA also canceled or delayed a number of earth science missions in 2006.<ref><template head="cite news"><field name="first"> Beth </field><field name="last"> Daley </field><field name="title"> NASA shelves climate satellites </field><field name="url"> http://www.boston.com/news/nation/articles/2006/06/09/nasa_shelves_climate_satellites </field><field name="work"> Boston Globe
 </field><field name="date">  2006-06-09 </field><field name="accessdate"> 2007-01-15</field></template></ref></p>
</section><section depth="3"><title>Moon base</title>
<p>On <link label="December 4">December 4</link> <link label="2006">2006</link>, NASA announced they were planning to build a <link label="Lunar outpost (NASA)">permanent moon base</link>.&lt;ref name=&quot;moon2&quot;&gt;<template head="Cite web"><field name="url">http://www.nasa.gov/pdf/164021main_lunar_architecture.pdf </field><field name="title">Lunar Architecture</field><field name="accessyear">2007</field><field name="accessmonthday">August 29</field><field name="publisher">NASA </field><field name="year">2006</field><field name="author">NASA </field><field name="format">.pdf</field><field name="language">English</field></template>&lt;/ref&gt;  NASA Associate Administrator Scott Horowitz said the goal was to start building the moonbase by 2020, and by 2024, have a fully functional base, that would allow for crew rotations like the <link label="International Space Station">International Space Station</link>. Additionally, NASA plans to collaborate and partner with other nations for this project.&lt;ref name=&quot;moon&quot;&gt;<template head="Cite web"><field name="url">http://www.cnn.com/2006/TECH/space/12/04/moon.base/index.html</field><field name="title"> NASA wants permanent moon base</field><field name="accessyear">2007</field><field name="accessmonthday">August 29</field><field name="publisher">CNN</field><field name="year">2006</field><field name="author">Diane Hawkins-Cox</field><field name="language">English</field></template>&lt;/ref&gt;</p>
</section><section depth="3"><title>Man on mars</title>
<p>On <link label="September 28">September 28</link>, <link label="2007">2007</link>, NASA administrator <link label="Michael D. Griffin">Michael D. Griffin</link> stated that NASA aims to put a man on Mars by 2037: in 2057, &quot;<i>we should be celebrating 20 years of man on Mars</i>.&quot;<ref><external href="http://news.yahoo.com/s/afp/20070924/ts_alt_afp/spaceconferenceindiausmars_070924135921"> Yahoo.com, NASA aims to put man on Mars by 2037</external></ref></p>
</section></section></section><section depth="1"><title>Spaceflight missions</title>
<template head="main"><link label="List of NASA missions">List of NASA missions</link></template> 

<p>NASA has had many successful space missions and programs, including over 150 <link label="Human spaceflight">manned missions</link>. Many of the notable manned missions were from the <link label="Apollo program">Apollo program</link>, a sequence of missions to the <link label="Moon">Moon</link> which included the achievement of the first man to walk on the Moon, during <link label="Apollo 11">Apollo 11</link>. The <link label="Space Shuttle Program">Space Shuttle Program</link> has also been a huge success, despite the loss of two of the <link label="Space Shuttle">Space Shuttle</link>s, <link label="Space Shuttle Challenger">''Challenger''</link> and <link label="Space Shuttle Columbia">''Columbia''</link> which resulted in the deaths of their entire crews. The Space Shuttles were able to dock with the <link label="Space station">space station</link> <link label="Mir">Mir</link> while it was operational, and are now able to dock with the <link label="International Space Station">International Space Station</link> - a joint project of many <link label="Space agencies">space agencies</link>. NASA's future plans for <link label="Space exploration">space exploration</link> are with the <link label="Project Constellation">Project Constellation</link>.</p>

<p>There have been many unmanned NASA space missions as well, including at least one that visited each of the other 7 <link label="Planet">planet</link>s in our <link label="Solar system">solar system</link>, and four missions (<link label="Pioneer 10">Pioneer 10</link>, <link label="Pioneer 11">Pioneer 11</link>, <link label="Voyager 1">Voyager 1</link>, and <link label="Voyager 2">Voyager 2</link>) that have left our solar system. There has been much recent success with the <link label="Exploration of Mars">missions to Mars</link>, including the <link label="Mars Exploration Rovers">Mars Exploration Rovers</link>, and the <link label="Mars Reconnaissance Orbiter">Mars Reconnaissance Orbiter</link>. As of 2007, NASA remains the only space agency to have launched space missions to the outer solar system beyond the asteroid belt.</p>

<p>The <link label="Cassini-Huygens">Cassini</link> probe, launched in 1997 and in orbit around <link label="Saturn">Saturn</link> since mid-2004, is investigating Saturn and its inner <link label="Saturn's natural satellites">satellites</link>. With over twenty years in the making, Cassini-Huygens is an example of international cooperation between JPL-NASA and the European Space Agency (ESA).</p>

<p>Built entirely by the <link label="Jet Propulsion Laboratory">Jet Propulsion Laboratory</link> (JPL) in Pasadena, CA, NASA probes have been continually performing science at Mars since 1997, with at least two orbiters since 2001 and several <link label="Mars rover">Mars rover</link>s. The orbiting <link label="Mars Odyssey">Mars Odyssey</link> and <link label="Mars Reconnaissance Orbiter">Mars Reconnaissance Orbiter</link> will continue monitoring the geology and climate of the Red Planet, as well as searching for evidence of past or present water and life, as they have since 2001 and 2006, respectively. If the <link label="Mars Global Surveyor">Mars Global Surveyor</link> spacecraft's nine-year lifetime is typical, these probes will continue to advance our knowledge for years to come. The <link label="Mars Exploration Rover Mission">Mars Exploration Rovers</link> <link label="Spirit rover">Spirit</link> and <link label="Opportunity rover">Opportunity</link> have been traversing the surface of Mars at <link label="Gusev Crater">Gusev Crater</link> and <link label="Meridiani Planum">Meridiani Planum</link> since early 2004, and will continue to image and investigate those environments. They have both already operated over ten times longer than expected, and remain a promising part of NASA's future.</p>
</section><section depth="1"><title>Advisory Council</title>
<p>With the creation of NASA in 1958, the NACA was abolished, and its research centers-- Ames Research Center, Lewis Research Center, and Langley Aeronautical Laboratory--were incorporated within the new space and aeronautics agency along with some elements of the U.S. Army and U.S. Navy. In 1967, Congress directed NASA to form an <link label="Aerospace Safety Advisory Panel">Aerospace Safety Advisory Panel</link> (ASAP) to advise the NASA Administrator on safety issues and hazards in NASA's aerospace programs. In addition, there were the <link label="Space Program Advisory Council">Space Program Advisory Council</link> and the <link label="Research and Technology Advisory Council">Research and Technology Advisory Council</link>. </p>

<p>In 1977, these were all combined to form the <link label="NASA Advisory Council">NASA Advisory Council</link> (NAC) which is the successor to the National Advisory Committee for Aeronautics.&lt;ref name=&quot;Adv1&quot;&gt;<template head="Cite web"><field name="url">http://www.hq.nasa.gov/office/oer/nac/background.htm</field><field name="title">NASA Advisory Council History</field><field name="accessyear">2007</field><field name="accessmonthday">August 29</field><field name="publisher">NASA</field><field name="year">2006</field><field name="author">NASA</field><field name="language">English</field></template>&lt;/ref&gt;</p>
</section><section depth="1"><title>Leadership</title>
<template head="main"><link label="Administrator of NASA">Deputy Administrator of NASA</link></template>

<p>The Administrator of NASA is the highest-ranking official of that organization and serves as the senior space science advisor to the President of the United States.  The role of the Administrator is to lead the NASA team and manage its resources to advance the U.S. <link label="Vision for Space Exploration">Vision for Space Exploration</link>.  The current Administrator is <link label="Michael D. Griffin">Michael D. Griffin</link>, who has served in that position since 2005.&lt;ref name=&quot;griffin1&quot;&gt;<template head="Cite web"><field name="url">http://www.nasa.gov/about/highlights/griffin_bio.html</field><field name="title">NASA Biography of Michael D. Griffin</field><field name="accessyear">2007</field><field name="accessmonthday">August 29</field><field name="publisher">NASA</field><field name="year">2005</field><field name="author">NASA</field><field name="language">English</field></template>&lt;/ref&gt;</p>

<p>The Deputy Administrator of NASA serves as the agency's second in command and is responsible to the administrator for providing overall leadership, planning, and policy direction for the agency.  The deputy administrator represents NASA to the Executive Office of the President, Congress, heads of federal and other appropriate government agencies, international organizations, and external organizations and communities. The deputy administrator also oversees the day to day work of NASA’s functional offices, such as the Office of the Chief Financial Officer, Office of General Counsel and Strategic Communications.  The current Deputy Administrator is <link label="Shana Dale">Shana Dale</link>, who has served in that position since 2005.&lt;ref name=&quot;griffin1&quot;&gt;<template head="Cite web"><field name="url">http://www.nasa.gov/about/highlights/dale_bio.html</field><field name="title">NASA Biography of Shanna Dale</field><field name="accessyear">2007</field><field name="accessmonthday">August 29</field><field name="publisher">NASA</field><field name="year">2005</field><field name="author">NASA</field><field name="language">English</field></template>&lt;/ref&gt;</p>
</section><section depth="1"><title>Field installations</title>
<p>NASA's headquarters is located in <link label="Washington, D.C.">Washington, D.C.</link></p>

<p>NASA's Shared Services center is located on the grounds of the <link label="John C. Stennis Space Center">John C. Stennis Space Center</link> near <link label="Bay St. Louis, Mississippi">Bay St. Louis</link>, <link label="Mississippi">Mississippi</link>.  Construction of their facility began in August 2006 and the scheduled completion date is October 2007.</p>

<p>NASA has field and research installations listed below by application. Some facilities serve more than one application due to historical or administrative reasons.</p>
<section depth="2"><title>Research centers</title>
<p>* <link label="NASA Ames Research Center">Ames Research Center</link>, <link label="Moffett Field, California">Moffett Field, California</link>
* <link label="Jet Propulsion Laboratory">Jet Propulsion Laboratory</link>, <link label="Pasadena, California">Pasadena, California</link>
* <link label="Langley Research Center">Langley Research Center</link>, <link label="Hampton, Virginia">Hampton, Virginia</link>
* <link label="Glenn Research Center">John H. Glenn Research Center at Lewis Field</link>, <link label="Cleveland, Ohio">Cleveland, Ohio</link>
* <link label="Goddard Institute for Space Studies">Goddard Institute for Space Studies</link>, <link label="New York City">New York City</link>
* <link label="Goddard Space Flight Center">Goddard Space Flight Center</link>, <link label="Greenbelt, Maryland">Greenbelt, Maryland</link></p>
</section><section depth="2"><title>Test facilities</title>
<p>* <link label="NASA Ames Research Center">Ames Research Center</link>, <link label="Moffett Federal Airfield">Moffett Federal Airfield</link>
* <link label="Dryden Flight Research Center">Dryden Flight Research Center</link>, <link label="Edwards Air Force Base">Edwards Air Force Base</link>
* <link label="Independent Verification and Validation Facility">Independent Verification and Validation Facility</link>, <link label="Fairmont, West Virginia">Fairmont, West Virginia</link>
* <link label="Langley Research Center">Langley Research Center</link>, <link label="Hampton, Virginia">Hampton, Virginia</link>
* <link label="John C. Stennis Space Center">John C. Stennis Space Center</link>, near <link label="Bay St. Louis, Mississippi">Bay St. Louis, Mississippi</link>
* <link label="Wallops Flight Facility">Wallops Flight Facility</link>, <link label="Wallops Island, Virginia">Wallops Island, Virginia</link></p>
</section><section depth="2"><title>Construction and launch facilities</title>
<p><img src="Vehicle-Assembly-Building-July-6-2005.jpg">thumb|right|[[Kennedy Space Center</img>.]]</p>

<p>* <link label="Marshall Space Flight Center">George C. Marshall Space Flight Center</link>, <link label="Huntsville, Alabama">Huntsville, Alabama</link>
* <link label="Kennedy Space Center">John F. Kennedy Space Center</link>, <link label="Florida">Florida</link>
* <link label="Lyndon B. Johnson Space Center">Lyndon B. Johnson Space Center</link>, <link label="Houston, Texas">Houston, Texas</link>
* <link label="Michoud Assembly Facility">Michoud Assembly Facility</link>, <link label="New Orleans, Louisiana">New Orleans, Louisiana</link>
* <link label="White Sands Test Facility">White Sands Test Facility</link>, <link label="Las Cruces, New Mexico">Las Cruces, New Mexico</link></p>
</section><section depth="2"><title>Deep Space Network</title>
<p>*<link label="Deep Space Network">Deep Space Network</link> (DSN) stations
**<link label="Goldstone Deep Space Communications Complex">Goldstone Deep Space Communications Complex</link>, <link label="Barstow, California">Barstow, California</link>
**<link label="Madrid Deep Space Communication Complex">Madrid Deep Space Communication Complex</link>, <link label="Madrid">Madrid</link>, <link label="Spain">Spain</link>
**<link label="Canberra Deep Space Communication Complex">Canberra Deep Space Communication Complex</link>, <link label="Canberra">Canberra</link>, <link label="Australian Capital Territory">Australian Capital Territory</link>,</p>
</section><section depth="2"><title>Tourism and museum facilities</title>
<p>* <link label="United States Space &amp; Rocket Center">United States Space &amp; Rocket Center</link>, <link label="Huntsville, Alabama">Huntsville, Alabama</link>
* <link label="Space Center Houston">Space Center Houston</link>, <link label="Houston, Texas">Houston, Texas</link>
* <link label="Kennedy Space Center#Visitor complex">Kennedy Space Center Visitor Complex</link>, <link label="Merritt Island, Florida">Merritt Island, Florida</link></p>
</section></section><section depth="1"><title>Aircraft</title>
<p><img src="NASA TEST 737-100.jpg">thumb|right|A NASA [[Boeing 737-100</img> landing.]]</p>

<p>Throughout its history, NASA has used several different types of aircraft on a permanent, semi-permanent, or short-term basis.  These aircraft are usually surplus (or in a few cases new-built) military aircraft.  Included among these are:</p>

<p>* <link label="B-57 Canberra">B-57 Canberra</link>. Two Martin WB-57Fs are currently operating from <link label="Lyndon B. Johnson Space Center">Lyndon B. Johnson Space Center</link> as high altitude research platforms for atmospheric research and <link label="Space Shuttle">Space Shuttle</link> monitoring.
* <link label="Boeing 747">Boeing 747</link>. Two 747s, one registered N905NA (which is a 747-100 model that was acquired from <link label="American Airlines">American Airlines</link> in 1974) and a second registered N911NA (a 747-100SR model purchased from <link label="Japan Airlines">Japan Airlines</link> in 1988) are currently used by NASA as <link label="Shuttle Carrier Aircraft">Shuttle Carrier Aircraft</link>. Another Boeing 747 (a 747SP model purchased from <link label="United Airlines">United Airlines</link> in 1996) is in use since 2007 as <link label="SOFIA">SOFIA</link>.
* <link label="C-141 Starlifter">C-141 Starlifter</link>. In the early 1960s a single C-141A was procured by NASA for use as a heavy transport aircraft. The C-141A <link label="Kuiper Airborne Observatory">Kuiper Airborne Observatory</link>, was operated from 1974 to 1995.
* <link label="C-5 Galaxy">C-5 Galaxy</link>. Two specially designed C-5Cs were procured by NASA for use as a heavy transport aircraft and flown by <link label="United States Air Force">USAF</link> crews.
* <link label="McDonnell Douglas C-9">C-9 Skytrain II</link>. One ex-<link label="United States Navy">USN</link> C-9B was taken in hand in 2005 to replace the famous KC-135s used in NASA's Reduced Gravity Research Program.
* <link label="Convair 990">Convair 990</link>. Nicknamed Galileo, it was used as an airborne laboratory for research in aeronautics, astronautics, astronomy, and earth observations. The Galileo I aircraft perished in a mid-air collision in 1973. The Galileo II continued service into the 1980s.
* <link label="F-104 Starfighter">F-104 Starfighter</link>. Three F-104Gs delivered to NASA in 1963 for use as high speed chase aircraft and redesignated F-104N. One of these aircraft, piloted by <link label="Joseph Albert Walker">Joe Walker</link>, collided with the <link label="XB-70 Valkyrie">XB-70 Valkyrie</link> experimental bomber on <link label="June 8">June 8</link>, <link label="1966">1966</link>, killing Walker. NASA retired its last F-104 in 1995.
* <link label="F-106 Delta Dart">F-106 Delta Dart</link>. From 1986 a handful of F-106As, redesignated QF-106A, were retained by NASA for test purposes, the last being retired in 1998.
* <link label="F-15 Eagle">F-15 Eagle</link>. One modified ex-<link label="United States Air Force">USAF</link> F-15, the <link label="F-15S/MTD">F-15S/MTD</link>, has been in use as a technology demonstrator and technology research aircraft since 1993, being used in the ACTIVE (1993-1999) and IFCS (2002-) programs.
* <link label="F-16 Fighting Falcon">F-16 Fighting Falcon</link>. From 1988 until 1999, 2 prototypes of the <link label="General Dynamics F-16XL">F-16XL</link>, designed as a competitor to the <link label="F-15E Strike Eagle">F-15E Strike Eagle</link> in the <link label="United States Air Force">USAF</link>'s Enhanced Tactical Fighter program, were taken in hand by NASA for aeronautical research.
* <link label="F-8 Crusader">F-8 Crusader</link>. Several F-8Cs were used by NASA in the early 1970s to test such features as <link label="Aircraft flight control systems#Digital fly-by-wire FCS">Digital Fly-By-Wire</link> Control System and supercritical wings, which have become standard on modern high performance military aircraft.
* <link label="KC-135 Stratotanker">KC-135 Stratotanker</link>. Two ex-<link label="United States Air Force">USAF</link> KC-135As (designated N930NA and N931NA) were used by NASA from 1973 to 2004 for the Reduced Gravity Research Program, where potential astronauts are exposed to simulated near-weightlessness. It were these aircraft that collectively gained the name <link label="Vomit Comet">Vomit Comet</link>.
* <link label="P-3 Orion">P-3 Orion</link>. NASA currently uses the P-3 as an earth-science suborbital research platform and is located at <link label="Goddard Space Flight Center">Goddard Space Flight Center</link>'s <link label="Wallops Flight Facility">Wallops Flight Facility</link>, Virginia.
* <link label="SR-71 Blackbird">SR-71 Blackbird</link>. Two SR-71Bs were used as trainers by NASA between 1991 and 1999.
* <link label="T-38 Talon">T-38 Talon</link>. A number of T-38As have been used by NASA as jet trainers for its astronauts since the 1960s. NASA's T-38 fleet is housed primarily at <link label="Ellington Field">Ellington Field</link> in <link label="Houston, Texas">Houston, Texas</link>.
* <link label="Lockheed U-2">U-2 &quot;Dragon Lady&quot;</link>. Two U-2s have been modified to the ER-2 (Earth Resources -2) standard and are currently in use at <link label="Dryden Flight Research Center">Dryden Flight Research Center</link> for use in various high altitude research projects.
* <link label="North American X-15">North American X-15</link>. Rocket plane which flew from 1959 to 1968. Conceived by <link label="National Advisory Committee for Aeronautics">NACA</link>, three were built and explored the regime of hypersonic flight. It is often regarded as a direct predecessor to the <link label="Space Shuttle">Space Shuttle</link>.</p>
</section><section depth="1"><title>Related legislation</title>
<p><img src="STS-95 Florida From Space.jpg">thumb|right|[[Florida</img>, USA, taken from NASA Shuttle Mission <link label="STS-95">STS-95</link> on <link label="October 31">October 31</link>, <link label="1998">1998</link>.]]</p>

<p>* 1958 &amp;ndash; National Aeronautics and Space Administration PL 85-568 (passed on <link label="July 29">July 29</link>)
* 1961 &amp;ndash; <link label="Apollo mission">Apollo mission</link> funding PL 87-98 A
* 1970 &amp;ndash; National Aeronautics and Space Administration Research and Development Act PL 91-119
* 1984 &amp;ndash; National Aeronautics and Space Administration Authorization Act PL 98-361
* 1988 &amp;ndash; National Aeronautics and Space Administration Authorization Act PL 100-685
* 2005 &amp;ndash; <external href="http://www.cbo.gov/showdoc.cfm?index=6584&amp;sequence=0"> National Aeronautics and Space Administration Authorization Act of 2005</external> 
* <link label="NASA Budget">NASA Budget</link> 1958&amp;ndash; 2005 in 1996 Constant Year Dollars</p>
</section><section depth="1"><title>Awards and decorations</title>
<template head="main"><link label="Awards and decorations of the United States government#NASA">Awards and decorations of the United States government#NASA</link></template>

<p>NASA presently bestows a number of medals and decorations to astronauts and other NASA personnel. Some awards are authorized for wear on active duty military uniforms. The highest award is the <link label="Congressional Space Medal of Honor">Congressional Space Medal of Honor</link>, which has been award to 28 individuals (17 posthumously), and is said to recognize &quot;any astronaut who in the performance of his duties has distinguished himself by exceptionally meritorious efforts and contributions to the welfare of the Nation and mankind.&quot; </p>

<p>The second highest NASA award is the <link label="NASA Distinguished Service Medal">NASA Distinguished Service Medal</link>, which may be presented to any member of the federal government, including both military astronauts and civilian employees.  It is an annual award, given out at the National Aeronautics Space Foundation plant, located in Orlando, Florida.</p>
</section><section depth="1"><title>Criticism</title>
<template head="Unreferencedsection"><field name="date">December 2007</field></template>
<p>Currently, the <link label="International Space Station">ISS</link> relies on the Shuttle fleet for all major construction shipments.
The Shuttle fleet has lost two spacecraft and fourteen astronauts in two disasters in 1986 and 2003. While the <link label="Space Shuttle Challenger disaster">1986 loss</link> was mitigated by building <link label="Space Shuttle Endeavour">Shuttle ''Endeavour''</link> from replacement parts, NASA does not plan to build another shuttle to replace the <link label="STS-107">second loss</link>. (See also <link label="Crew Exploration Vehicle">CEV</link>.)</p>

<p>The ISS, which was intended to have a crew of seven, just <link label="As of 2006">as of 2006</link> has been restored to a crew of three for the first time since it was cut to a skeleton crew of two in May 2003, causing many intended research projects to be delayed.  Since the <link label="Columbia Shuttle accident">Columbia Shuttle accident</link>, the permanent space station crew has comprised one Russian and one American, on board for six months at a time, meaning European and Japanese astronauts could not stay for longer missions. An increase in the number of crew members has been in the pipeline for some time but was delayed following the Columbia disaster in February 2003. </p>

<p>Other nations that have invested in the space station's construction, such as the members of the <link label="European Space Agency">European Space Agency</link> (ESA) and the <link label="Japanese Aerospace Exploration Agency">Japanese Aerospace Exploration Agency</link> (JAXA), have expressed concern over the completion of the ISS.</p>
<section depth="2"><title>Alleged alcohol use</title>
<p>Following the arrest of <link label="Lisa Nowak">Lisa Nowak</link> in February of 2007, NASA Administrator <link label="Michael D. Griffin">Michael D. Griffin</link> commissioned an independent panel, the NASA Astronaut Health Care System Review Committee, to examine how well NASA attended to the mental health of its astronauts. The initial report released by the panel raised questions in regards to possible alcohol use prior to flight.<ref><template head="Cite web"><field name="url">http://www.usatoday.com/tech/science/space/2007-07-26-astronauts-drinking_n.htm</field><field name="title">Report uncovers allegations of astronauts drunk on flights</field><field name="accessyear">2007</field><field name="accessmonthday">August 29</field><field name="publisher">USA Today</field><field name="year">2007</field><field name="author">Traci Watson</field><field name="language">English</field></template></ref> However, the report offered no specifics, no facts to substantiate the claims, and stated that no attempt to confirm or investigate the allegations had been performed.&lt;ref name=&quot;drink3&quot; /&gt;&lt;ref name=&quot;drink1&quot;&gt;<template head="Cite web"><field name="url">http://www.cnn.com/2007/TECH/space/08/08/shuttle.commander/index.html</field><field name="title"> Shuttle commander: Alcohol report lacks facts</field><field name="accessyear">2007</field><field name="accessmonthday">August 29</field><field name="publisher">CNN</field><field name="year">2007</field><field name="author">Miles O'Brien</field><field name="format">html</field><field name="language">English</field></template>&lt;/ref&gt;&lt;ref name=&quot;clear&quot;&gt;<template head="Cite web"><field name="url">http://www.cbsnews.com/stories/2007/08/29/tech/main3215705.shtml</field><field name="title">NASA Probe Likely To Clear Drinking Charge</field><field name="accessyear">2007</field><field name="accessmonthday">August 29</field><field name="publisher">CBS</field><field name="year">2007</field><field name="author">CBS News/Associated Press </field><field name="language">English</field></template>&lt;/ref&gt;</p>

<p>Shuttle commander <link label="Scott J. Kelly">Scott J. Kelly</link> was vocal in his criticism of the report during interviews prior to <link label="STS-118">STS-118</link>, stating that it was beyond his comprehension that astronauts would ever consider what was suggested.&lt;ref name=&quot;drink1&quot; /&gt; Following the release of the independent panel report, NASA ordered an internal review, The Space Flight Safety Review.&lt;ref name=&quot;clear&quot; /&gt;</p>

<p>On August 29, 2007, Chief Safety and Mission Assurance Officer Bryan O'Connor reported that after the month-long review, NASA found that there was no evidence to verify the independent panel's report that astronauts have been allowed to fly drunk.&lt;ref name=&quot;drink2&quot;&gt;<template head="Cite web"><field name="url">http://www.cnn.com/2007/TECH/science/08/28/nasa.astronauts/index.html</field><field name="title"> NASA report: No evidence astronauts flew drunk</field><field name="accessyear">2007</field><field name="accessmonthday">August 29</field><field name="publisher">CNN</field><field name="year">2007</field><field name="author">Miles O'Brien</field><field name="language">English</field></template>&lt;/ref&gt;&lt;ref name=&quot;drink3&quot;&gt;<template head="Cite web"><field name="url">http://www.usatoday.com/tech/science/space/2007-08-29-nasa-drinking-astronauts_N.htm</field><field name="title">NASA: No evidence of drunk astronauts</field><field name="accessyear">2007</field><field name="accessmonthday">August 29</field><field name="publisher">USA Today</field><field name="year">2007</field><field name="author">Traci Watson</field><field name="language">English</field></template>&lt;/ref&gt;&lt;ref name=&quot;report1&quot;&gt;<template head="Cite web"><field name="url">http://www.nasa.gov/audience/formedia/features/astronautreport.html</field><field name="title">Findings of NASA Safety Review Following Astronaut Health Reviews</field><field name="accessyear">2007</field><field name="accessmonthday">August 29</field><field name="publisher">NASA</field><field name="year">2007</field><field name="author">NASA</field><field name="language">English</field></template>&lt;/ref&gt; Additionally, investigation into all incident reports dating from 1984 to 2007, found no incident involving alcohol or drug use.&lt;ref name=&quot;report2&quot; /&gt; The report's findings specifically stated:</p>

<template head="cquote"><field><i>&quot;The culture of professionalism in today’s astronaut corps, along with the highly visible, structured and supervised schedule during the last several days prior to launch, provide reasonable controls to avoid flying an alcohol-impaired crewmember. In light of all the other controls in place on launch day, the L-0 flight surgeon check provides a reasonable likelihood of identifying signs of illness or impairment of the level that would threaten flight safety,&quot;</i>&lt;ref name=&quot;report2&quot;&gt;<template head="Cite web"><field name="url">http://www.nasa.gov/pdf/188111main_Astronaut_Alcohol_Use_Report_final.pdf</field><field name="title">Space Flight Safety Review (Alcohol Use In The Preflight Period)</field><field name="accessyear">2007</field><field name="accessmonthday">August 29</field><field name="publisher">NASA Office of Safety and Mission Assurance</field><field name="year">2007</field><field name="author">Bryan O'Conner</field><field name="format">.pdf</field><field name="language">English</field></template>&lt;/ref&gt;</field></template>

<p>In response to the internal review, policies at NASA would be changed in a variety of ways: Flight surgeons would be present during the pre-mission suit-up activities, flight surgeons would receive additional training in psychiatric evaluation, and although there was an unofficial code of conduct in place, an official &quot;Code of Conduct&quot; would be written up for employees.&lt;ref name=&quot;report2&quot; /&gt;</p>
</section></section><section depth="1"><title>See also</title>
<template head="Spoken Wikipedia"><field>En-NASA.ogg</field><field>2005-09-01</field></template> 
<template head="wikisource-author"></template>
<p>*<link label="List of space agencies">List of space agencies</link>
*<link label="List of aerospace engineering topics">List of aerospace engineering topics</link>
*<link label="Apollo program">Apollo program</link>
*<link label="Astronomy Picture of the Day">Astronomy Picture of the Day</link>
*<link label="Astronaut">Astronaut</link>
*<link label="Johnson Space Center shooting">Johnson Space Center shooting</link>
*<link label="NASA budget">NASA budget</link>
*<link label="NASA Environmental Management System (EMS)">NASA Environmental Management System (EMS)</link>
*<link label="NASA Institute for Advanced Concepts">NASA Institute for Advanced Concepts</link>
*<link label="NASA World Wind">NASA World Wind</link>
*<link label="Project Constellation">Project Constellation</link>
*<link label="Space exploration">Space exploration</link>
*<link label="Space race">Space race</link>
*<link label="Space Shuttle">Space Shuttle</link>
*<link label="Vision for Space Exploration">Vision for Space Exploration</link></p>
</section><section depth="1"><title>References</title>
<template head="reflist"><field>2</field></template>
</section><section depth="1"><title>External links</title>
<template head="commons"><field>NASA</field></template>
<template head="wikisource"><field>National Aeronautics and Space Act</field></template><section depth="2"><title>General</title>
<p>* <external href="http://www.nasa.gov">NASA Home Page</external>
* <external href="http://www.nasa.gov/multimedia/nasatv/">NASA Television</external>
* <external href="http://www.nasa.gov/multimedia/podcasting/">NASAcast, NASA's Podcasting</external>
* <external href="http://nix.nasa.gov">NASA Photos</external>
* <external href="http://www.nasa.gov/missions/highlights/schedule.html">Future NASA Launch Missions</external>
* <external href="http://www.nasawatch.com">NASA Watch, an agency watchdog site</external>
* <external href="http://www.nasaspaceflight.com/">NASA Spaceflight, breaking news site</external>
* <external href="http://www.spacefellowship.com/News/?cat=32">NASA Space Fellowship News Section, Latest NASA News</external>
* <external href="http://www.nasa.gov/centers/ames/news/releases/2006/06_96AR.html">NASA &amp; Google Sign MOU</external>
* <external href="http://www.nasa.gov/offices/nesc/home/index.html">NASA Engineering and Safety Center</external>
* <external href="http://www.withfriendship.com/user/balan/nasa.php"> NASA image slideshows</external></p>
</section><section depth="2"><title>Further reading</title>
<p>* <external href="http://science.howstuffworks.com/nasa.htm">How NASA works</external>.
* <external href="http://history.nasa.gov/series95.html">NASA History Series Publications</external>
* <external href="http://history.nasa.gov/SP-4012/cover.html">NASA Historical Data Books (SP-4012)</external>
*<external href="http://digital.library.unt.edu/govdocs/crs/search.tkl?q=nasa&amp;search_crit=fulltext&amp;search=Search&amp;date1=Anytime&amp;date2=Anytime&amp;type=form">Read Congressional Research Service (CRS) Reports regarding NASA</external>
* <external href="http://www.hq.nasa.gov/office/pao/History/hhrhist.pdf">Research in NASA History: A Guide to the NASA History Program (large PDF &amp;ndash; over 1,012 kb)</external>
* <external href="http://ntrs.nasa.gov/">NTRS: NASA Technical Reports Server</external>
* <external href="http://nodis3.gsfc.nasa.gov/">NODIS: NASA Online Directives Information System</external>
* <external href="http://www.nasa.gov/audience/forkids/home/index.html">NASA for Kids</external></p>

<template head="Public sector space agencies"></template>

<template head="FA link"><field>eo</field></template>

<p>


</p>

<template head="Link FA"><field>eo</field></template>
<p><link label="Ang:NASA">ang:NASA</link>
<link label="Ar:ناسا">ar:ناسا</link>
<link label="Bn:নাসা">bn:নাসা</link>
<link label="Zh-min-nan:NASA">zh-min-nan:NASA</link>
<link label="Be-x-old:NASA">be-x-old:NASA</link>
<link label="Bs:NASA">bs:NASA</link>
<link label="Bg:НАСА">bg:НАСА</link>
<link label="Ca:NASA">ca:NASA</link>
<link label="Cs:NASA">cs:NASA</link>
<link label="Da:NASA">da:NASA</link>
<link label="De:National Aeronautics and Space Administration">de:National Aeronautics and Space Administration</link>
<link label="Et:NASA">et:NASA</link>
<link label="El:NASA">el:NASA</link>
<link label="Es:NASA">es:NASA</link>
<link label="Eo:NASA">eo:NASA</link>
<link label="Eu:NASA">eu:NASA</link>
<link label="Fa:ناسا">fa:ناسا</link>
<link label="Fr:National Aeronautics and Space Administration">fr:National Aeronautics and Space Administration</link>
<link label="Ga:NASA">ga:NASA</link>
<link label="Gd:NASA">gd:NASA</link>
<link label="Gl:NASA">gl:NASA</link>
<link label="Ko:미국항공우주국">ko:미국항공우주국</link>
<link label="Hi:नासा">hi:नासा</link>
<link label="Hr:NASA">hr:NASA</link>
<link label="Id:NASA">id:NASA</link>
<link label="Ia:NASA">ia:NASA</link>
<link label="Is:Geimferðastofnun Bandaríkjanna">is:Geimferðastofnun Bandaríkjanna</link>
<link label="It:NASA">it:NASA</link>
<link label="He:נאס&quot;א">he:נאס&quot;א</link>
<link label="Ka:ნასა">ka:ნასა</link>
<link label="Sw:NASA">sw:NASA</link>
<link label="La:NASA">la:NASA</link>
<link label="Lv:NASA">lv:NASA</link>
<link label="Lb:NASA">lb:NASA</link>
<link label="Lt:NASA">lt:NASA</link>
<link label="Hu:NASA">hu:NASA</link>
<link label="Mr:नासा">mr:नासा</link>
<link label="Ms:NASA">ms:NASA</link>
<link label="Nl:National Aeronautics and Space Administration">nl:National Aeronautics and Space Administration</link>
<link label="Ne:न्यासा">ne:न्यासा</link>
<link label="Ja:アメリカ航空宇宙局">ja:アメリカ航空宇宙局</link>
<link label="No:NASA">no:NASA</link>
<link label="Nn:NASA">nn:NASA</link>
<link label="Oc:National Aeronautics and Space Administration">oc:National Aeronautics and Space Administration</link>
<link label="Om:NASA">om:NASA</link>
<link label="Nds:NASA">nds:NASA</link>
<link label="Pl:NASA">pl:NASA</link>
<link label="Pt:NASA">pt:NASA</link>
<link label="Ro:NASA">ro:NASA</link>
<link label="Ru:Национальное управление по аэронавтике и исследованию космического пространства">ru:Национальное управление по аэронавтике и исследованию космического пространства</link>
<link label="Sco:NASA">sco:NASA</link>
<link label="Sq:Administrata Kombëtare Aeronautike Hapësinore Amerikane">sq:Administrata Kombëtare Aeronautike Hapësinore Amerikane</link>
<link label="Scn:NASA">scn:NASA</link>
<link label="Simple:National Aeronautics and Space Administration">simple:National Aeronautics and Space Administration</link>
<link label="Sk:National Aeronautics and Space Administration">sk:National Aeronautics and Space Administration</link>
<link label="Sl:NASA">sl:NASA</link>
<link label="Sr:НАСА">sr:НАСА</link>
<link label="Sh:NASA">sh:NASA</link>
<link label="Fi:NASA">fi:NASA</link>
<link label="Sv:NASA">sv:NASA</link>
<link label="Ta:நாசா">ta:நாசா</link>
<link label="Th:องค์การนาซา">th:องค์การนาซา</link>
<link label="Vi:NASA">vi:NASA</link>
<link label="Tr:NASA">tr:NASA</link>
<link label="Uk:Національне управління з аеронавтики і дослідження космічного простору">uk:Національне управління з аеронавтики і дослідження космічного простору</link>
<link label="Zh-yue:美國太空總署">zh-yue:美國太空總署</link>
<link label="Bat-smg:NASA">bat-smg:NASA</link>
<link label="Zh:美国国家航空航天局">zh:美国国家航空航天局</link></p></section></section></text><catlinks><catlink href="Category:NASA"/><catlink href="Category:Space agencies"/><catlink href="Category:Independent Agencies of the United States Government"/><catlink href="Category:1958 establishments"/></catlinks>
    </revision>
  </page>
